とっても濃厚でおいしかったです！2歳の息子へのバレンタインにしたので砂糖は少なめにしましたが喜んで食べてました チョコ不要とは思えず濃厚で美味しい！生チョコ風わかります。チョコを避けている娘に季節のものを味わえたらと作りました☆有難う 実月ちゃん凄く美味しい～ココアで作ってるとは思えない☆生チョコみたいな濃厚プリン手軽に作れるのも嬉しいからリピします有難う チョコ不使用とは思えぬ濃厚な味わいに感動食感も好み実月さんワールドに浸れ大満足笑２枚目塩クリーム３枚目シナモン乗せも美味,プリン
ものすごく簡単にできました！アメリカで食べれるとは感激です！ 同じくアメリカ在住です。簡単に上手にできました！ スーパーボール用に作りました！簡単計量で美味しく出来ました 父の誕生日に作りました家族皆美味しいって言ってくれました！ 昔失敗してシュー皮は難しいと思っていたのに簡単で目から鱗のレ視日,シュークリーム
"きれいに膨らみました。ありがとうございました。 膨らみましたーヽ(≧▽≦)ﾉありがとうございました 明日学校で配るようです！美味しくできたとおもいます！ 初めて大成功しました!!また作ります♪
",シュークリーム
カップで謝☆練乳の優しい香りが凄く美味めっちゃ好きな味です 3時のオヤツまで待てなくて食べちゃった（笑）美味し～幸せ～ みかんも入れてみました！子供たち大興奮で良かったです。,杏仁豆腐
優しい甘さで簡単に美味しく出来ました！ 美味しく出来ましたまた作ります(^^) アーモンドミルク1リットル使ったので7個分出来ました。男子にはもぅちょっと甘さ控えめでもいいと言われましたが美味しく出来ました！,プリン
焼き目がつかなかったですが、これはこれでおいしかったです☆ 超美味！ミニタルトでバーナーも無いのでクリームでデコ(^_^;) おいしかったです！レシピありがとうございます^^,プリン
"しぼんだ物もあるけど、おいしくできました('-^*) 初シュー☆予想外に簡単！しかもちゃんと膨らんで感動(´∀｀) 子供用にプチシュー(^O^)/サクサクで大満足☆ 5才の娘と作りました。サクサクにできて大喜び！ 簡単なのにサクサクうまうま♪
",シュークリーム
クコの実無し人工甘味料でカロリーoff出来美味しかったです 美味しくいただきました(*^^*)ヘルシー ヘルシーで美味しい！一歳の子供がめちゃうまそうに食いつく★ ヘルシーで美味しいです☆彡 豆乳で作れてうれしい！美味しかったです♪ 甜杏仁粉で♪生クリや牛乳使わず豆乳だけなのに十分美味しいレシピ 甜菜糖使用で色が(汗｡柔らかすぎないこの感じが好みで美味でした,杏仁豆腐
すぐにリピしてしまいました！安定の美味しさ！！家族に好評です！ おもたせに。持ち運びも楽！器に少しづつでも大満足！味も大好評！！ クコの実が調達できず、プレーンでＵＰ。好みの硬さに仕上がりました,杏仁豆腐
牛乳消費に！ラズベリーと一緒に食べました。美味しく出来ました♪ アメリカで手に入りうちにあるもので簡単に杏仁豆腐が出来て感動です。 ゼリー型に合うように少なめに作りました。アメリカで気軽に杏仁豆腐を食べられるのは嬉しいです。 中華のお供に。小さな器でお替りしてたらほぼ完食…美味しかった～♪ さくらんぼONしてみました！今夜のデザートに☆☆楽しみ(^^)♪ とろ～っとして美味しかったです♪ 倍量で作りました。アガーってなかなか溶けないですよね？固まって,杏仁豆腐
シロップを作りブルーベリーを飾りました^^美味しかったです♪ 少ない材料で簡単に出来ました。美味しかったです！ 作り方がお手軽な上、懐かしい味がしました。また作ります。 とーーっても簡単に作れましたありがとうございます！,プリン
プリンを豆乳で作るのは初めてでしたが、とても美味しくできました！固めのプリンが好きなので満足です！リピします 懐かしい味。美味しくできました 大変美味しかったです…！大きい型で作ってもお皿に盛り付けたときに崩れないので、テーブルに出した時華やかに見えます。 1.5倍量で160° 80分焼きました。固めで美味しかったです！ 簡単美味しくできました◎ありがとございました！,プリン
簡単にできました。プリンの味がして美味しかったです。 ワクワクドキドキのバスチープリンのお味がとっても美味しいデス 祝第1号！今後の自粛生活に備え、プ●チン一個、他半量で。美味感謝,プリン
クッキーシューに！膨らみ失敗したけど味は大人スイーツで好評でした コーヒー味のシューいいですね(´`)ほろ苦でおいしかったです！ めちゃうまです。今年のバレンタインはこれに決めました(^-^),シュークリーム
リピです♪シェアーメイトと一緒に美味しくいただきましたよぉ！！！ いろんな杏仁食べたけど、これ好きやわぁ～♪♪とってもおいしぃ！！ 生クリームなしでこんなにおいしいなんて感動！絶対リピします。,杏仁豆腐
初シュークリームです！無事成功！また作ります～☆ 初めてシュー作りました☆焼き時間に気をつけました♪またチャレンジ 簡単においしく出来ました☆クリームをつめる前の状態です☆ カスタードクリームも作りました。とても美味しくできました。,シュークリーム
ダイエット中なのでラカントSを使ったスイーツができて良かったです 低カロリーのおやつが簡単にできました。 家にあったアーモンドミルクに豆乳を少し足しました。とても美味しかったです♪,杏仁豆腐
とろとろで美味しかったです(*´∇｀*)リピ決定☆ 我慢できず数時間でスクって食べちゃいましたとろんとろんいい香 暑い日に冷え冷えで食べました♪　家族にも大好評！ﾘﾋﾟします。 ﾌﾙﾌﾙ感最高です！ﾜﾝﾀﾞﾌｫｰﾚｼﾋﾟ感謝です☆,杏仁豆腐
"こっちの方が綺麗に型出しできたので送りなおします∩^ω^∩ お手軽なのがいいですね☆身近な材料も嬉しい本物食べたことありませんが滑らかに仕上がりました☆ とっても美味しく出来ました！また作ります！
",プリン
"皮が食べ応えあっておいしい♪ホイップクリームと苺アイスの2種類 はじめてのシュークリームおいしくできました。ありがと 満足できるﾚｼﾋﾟにやっと巡りあいました!友人にﾌﾟﾚｾﾞﾝﾄ さくっとできた♪ありがとう！
彼にも誉められました♪",シュークリーム
"牛乳がたくさんあったので作りました！更にアレンジして、上から苺ミルクをかけて食べたら、可愛くて更に美味しくなりました！！ 冷凍庫に入れてシャリシャリ食感で頂きました。美味しかったです★ 少し泡だってしまいましたが、味は◎！！
フルーツ缶詰入り♪ 美味しかったのでリピ決定です！ 牛乳があまってる時いつもリピして作ってます(^^)美味しいです 美味しかったです！リピしますね",杏仁豆腐
"3人目のレポでようやく成功しました感激本当に素敵なレポに感謝 初めてこんな上手に出来ました！分かりやすくて良かったです 本当に失敗知らずですね！結構リピしてます～ 実は何回作ったかわからないくらいのﾘﾋﾟです。今日はエクレアで♪ ぷちシューをたっくさん焼きました
中のクリームはお楽しみ…♪",シュークリーム
"簡単に作れました！ 大成功でした！小ぶりに絞ったので次回はもう少し大きめに絞る！ 初めて作りました。綺麗に空洞になって感動です！
ありがとう！
",シュークリーム
"簡単に出来ました！美味しかったです！感謝です！ 簡単でおいしかったです♪
ﾁﾋﾞ用のおやつにﾋﾟｯﾀﾘ♪ 簡単につくれて、しかもおいしかったです!!",シュークリーム
簡単で、優しい味で美味しかったです。ダイエット中のおやつにしようと思います！ 豆乳でやさしい甘さのプリンでした♪ 同分量のラカントで作りました。甘味ちょうどよくなめらかでおいしい！リピします！ コーヒーを少し入れ、ゼラチンもその分多めに入れました。懐かしいババロアの様です。,プリン
"本当にとても濃厚!邪道かもですが苺ソースで食べました( 〃▽〃) ぷるとろっ♪な杏仁ができました。
おいしかったです(^^*) おいしいミルクプリンでした()エッセンス何滴ですか？",杏仁豆腐
"ダブルクリームで頂きました♪サクサクとっても美味しかったです！ 小さめにしたら沢山出来ましたー。ダブルクリームでいただきました。 サクサクシュークリーム完成(*^^*)
満足です(^^)
 このサクサク感大好きです！(^O^)これからもリピします！ サックサクのシュー生地ができ、カスタードも好みの味でした",シュークリーム
"良い感じに膨らんだ☆
やったぁ～！！！ 膨らんで嬉しいー♪また作ります 材料も作り方も簡単で、初めて成功しました。(^^)
 ちょっと焦げちゃったけど、ちゃんと膨らみました！また作ります",シュークリーム
トロトロ&ふわふわに出来上がりました★リピ決定です(^-^)v 美味♪♪これがきっかけで彼氏が出来ました！感謝です★笑 なめらかでうま～いまたフルーツで２度美味しいねぇ,杏仁豆腐
こちらのレシピを参考にさせてもらいました。生クリームを使ってるから濃厚で美味しいです。 濃厚で美味しかったです。 濃厚トロトロでとても美味しかったです。また食べたい。 ココナッツの脂肪が上に固まりましたがとっても美味しかったです～,杏仁豆腐
杏仁美味しいー(^▽^)上に白桃缶のっけました☆ またまたレポ★娘が大好きで相当作ってます♪クコの実入り。超ウマ♪ 実は何度もリピさせて頂いてます！友達にも大絶賛です,杏仁豆腐
スムージーにでもするしかないか、と思ってた過熟バナナが救われましたバナナの味がしっかり残るプリンなのでチョコソースでも合いそう カラメルとバナナ風味が合う！ケーキ以外のバナナ救済レシピも嬉しい カラメルソースがバナナの甘味を引き立てます♪家族に大好評でした♪ バナナの救済にぴったり！簡単でとても美味しい！！ とっても濃厚でおいしいバナナプリンができました 黒くなったバナナ救済で作りました。簡単でとても美味しかったです！ 濃厚バナナ簡単ミキサーだけ？信じらないとても美味しい御馳走様3Q,プリン
天使の輪がねじり鉢巻です(^^) ステキなレシピありがとう！ ブサイクな天使です( ´艸｀)可愛くておいしかったです♪ かわいい～my angel(#^.^#)うっとり ラブリーすぎます♪ありがとうございます感謝感謝！！ うちにも天使が飛んできました～♪お～いし～！ ｽｶｲﾂﾘｰ並みのｼｭｰｸﾘｰﾑﾀﾜｰ♪美味しく簡単★ﾘﾋﾟ♪,シュークリーム
リピです。とっても気に入った豆腐プリンです。前回より少し甘めにしてみました。 とってもヘルシーかつダイエット中に最適。もう少し甘くてもいいかな？と思いホイップクリームと小豆をトッピングしました。和テイスト 雛祭りに此方作りたく近所のお店で苺1P398円即買です豆腐でヘルシーミルクプリンに苺ソース絶妙感動の美味しさです,プリン
チョコクリームも挟んで見ました(*'.'*) 初めてのシュークリーム作りでしたがちゃんとそれっぽくなりました♪ ちょっと平べったくなっちゃいましたが可愛くできました プレゼントに作りました,シュークリーム
"コストコシュークリームで() 外はカリッと中はヒンヤリ
立派なスイーツです パリパリの皮、カタラーナのようなクリーム最高でした♪リピします☆ 皮パリパリなっておいし～レシピ感謝です☆ 焦げた汗
外サクサク中ひんやりですごくおいしい！衝撃！ サクサクで、美味しかったです～。",シュークリーム
アーモンドエッセンスで杏仁豆腐なんて感激です♪美味でした☆☆ 「ぷるるん」で♪大好きな杏仁豆腐が簡単に作れた美味しい アーモンドエッセンスで杏仁味になるんですね！美味しかったです！ 簡単イイねぇ♪今度はぷるるんととろぉんも作ってみるねぇ(・∀・),杏仁豆腐
3.7牛乳で生クリーム無でももっちり美味しいですね(o^^o) 牛乳嫌いの娘も大好きです(o^^o) 美味！こんなに簡単に杏仁豆腐ができてすごいです！またリピします♪ 大好物なのであえてソースは無しでそのままで頂きます もっちりして美味しいです～娘の食い付きが凄かったです（笑）,杏仁豆腐
夕飯後に何かスイーツがほしくなって、思い立って作ってみました！かんたんだし甘すぎず夜の別腹にぴったりでした(*  *) 一瞬でできてしまいますね。手軽にできる素朴なスイーツです。 すごく簡単にプリンが出来て嬉しかったです！また作ります！有難う！ 簡単にできました(*^^*) 簡単で甘さ控え目で、とっても美味しかったです～。また作りますね。,プリン
お店のより美味しかった！と息子から好評でした！ びっくりなおいしさ！とってもなめらかでした！ありがとう 悪魔的な美味しさです！リピします。,プリン
とろプルですぐに完売しました♪またリピしたいです♪ ぷるぷるして家族にも大好評！！とても美味しかった(*^_^*) とろとろうまうま！おいしくできました^m^また作ります！,杏仁豆腐
絞り出さないので簡単ですね!適当に出しましたが、ちゃんと膨らみました。ありがとうございます! 簡単にちゃんと膨らんだシューになりました。中がしっかり空洞でクリームたっぷり入りました 簡単でスムーズに出来ました。卵は、Mサイズ2個でちょうど良い感じになりました。 簡単で焼き上がりも匂いも味も良いです！卵は2個でやってみました！,シュークリーム
求めていた杏仁豆腐でした。美味しかった。ありがとうございます！ 　杏仁霜のタイミングありがとうございます。美味しくできました。 杏仁霜をいつ入れるのか書かれていないので教えてほしいです！,杏仁豆腐
"好みの硬さのシューがてきました。ちゃんと膨らんだ(≧∇≦*) とても美味しかったです(^ｖ^)また作りたいです♪ しっとりした感じが良く♪私好み♪
失敗な出来て感謝です♪",シュークリーム
なめらかで美味しいです 生クリームがあまりなにかないかなーとこちらのレシピをみて作りました。簡単にできて良かったです。 冷まし中です。食べるのが楽しみです♪ すも立たず、なめらかプリンが簡単にできました いつも失敗していたプリン、初めてかたまりました(^^)おいしくできました！ありがとうございます。,プリン
すごーく簡単で驚きあまり膨らまなくて失敗でした。。味は美味 初シュークリーム作りでしたが、簡単に膨らみました！リピします♪ レンジで簡単に出来るんで感激しました。おいしかったです。,シュークリーム
オホホ私独占中ザ☆タッパーで恥(笑)ちょい食べ嬉し～有難う 本当はこの３倍食べたい♪笑 今からこれ持って行ってきまぁす☆感謝 丁度良い容器発見笑 食後にちょこっとが嬉しいんですよね☆感謝 プチシュー大好物なのにこれは思い付かず☆自分用なのにメッセ付♪笑,シュークリーム
カスタード＆ホイップにしました(*^▽^*) 不恰好ですがサクサク♪リピします☆ 初めて作りました。美味しかった！上手に作れるように頑張ります,シュークリーム
天板の余ったスペースでプチシュー作ってみました。あまり膨らみませんでしたが、焼き時間変えて再チャレンジします！美味しかったです シュークリームが苦手な私でも出来ました！感謝です！！ 美味しくできましたー！また、作ります～,シュークリーム
イチゴジャムでも作ってみました ストロベリー味にしてみました♪美味しかったです！ 美味しくできました！,プリン
"食べかけですが…簡単美味しくてお気に入りです()↑↑ 　簡単に出来たし
　家族にも好評でしたー
　写真ないのー　 うちの定番のおやつです。
何回も作ってます☆",杏仁豆腐
小1の息子の夢が叶いました！家族4人で半分ペロリ！また明日も美味しくいただきます。 簡単に、そして美味しく出来ました！ スクエア型で作りました。大きいし美味しいしで、大満足です。プリンはやっぱり固めが好き！ カラメルがダメでしたけど美味しかったです。次回はハーフでします☆,プリン
牛乳200で。フードプロセッサーに全部入れて楽々でした。時短で160℃30分で湯煎してみました。 混ぜて焼くだけ！カラメルがわりにコーヒーリキュールをかけました 手を汚さず、簡単に濃厚に出来ました！芋好きな方には是非作って欲しいレシピです！アレンジでかぼちゃバージョンも作りました。,プリン
簡単でなめらかにできました！ カラメルが少し焦げてしまったのでまたtryします！簡単レシピありがとうございます！リピ決定です！ ジャムの空き瓶があったので今回は湯煎で^^;次はレンジでやってみます。分かりやすい分量で簡単でした。 甜菜糖と豆乳を使い、美味しくできました。,プリン
サンクスギビングに！アーモンドエクストラクトで簡単で美味^-^ 簡単にできてぷるぷるでおいしかったです！^-^ 牛乳&生クリーム&豆乳で作りました。おいしかったぁ(*^_^*),杏仁豆腐
お砂糖控えめで倍量作りました。1歳息子3歳娘のおやつに。ママまた作ってーとの声が！美味しかったです 簡単で美味しいのでリピしまくってます！ 何回も作ってます！砂糖控えめで☆めっちゃ簡単で超美味しい！ 甘さ控えめが好きなので砂糖30グラムにしました(*´  `)寒天だけどプルプルで美味しかったです！,プリン
もちっと滑らかで大好きな和の味です◎きな粉も沈殿せず作れ消費もできて嬉しい素敵なレシピ＆フォロー感謝です 濃厚きな粉プリン分離せずにとっても☆美味しく出来ました♪また、作ります　　　　 美味しかったです♪また作ります(o^^o) ツルンツルンとスプーンが止まらない冷たい和風おやつかなりの大好評でリピ確定です。健康的レシピに感謝！,プリン
ほんとになめらかでした！美味しかったです(о´∀`о) 実は旦那チャンが作ってくれました！美味～！！ こんななめらかなプリンを探してました。とっても美味しかったです。,プリン
"アーモンドスライスバージョンです♪焦げたけど美味しかったですよ☆ 膨らんだ～膨らんだ～サックリ美味しいシュークリームに感激 ちゃぁ～んと膨らんでくれたぁぁぁ～！おいしかったですっ 私好みのシュー生地★ちゃんとふくらんでくれて嬉しい♪ごちそうさま ｼｭｰはいつも必ず木瓜さんのﾚｼﾋﾟです。
子供もお気にいり！",シュークリーム
おいしかったです！膨らみが弱かったから次はもっと膨らませるよう頑張りますー 息子リクエストで♪生クリームカスタードで(o・ω・o) さくさくに仕上がりました！ 雨降りの休日に久しぶりにシュークリーム 初めてでも膨らみました こんなに簡単で美味しいなんて驚き！ サクサクで美味しかったです(^w^)子供達にも好評♪,シュークリーム
手軽な材料で可愛く作れて満足です^_^ とっても素敵なシューになりました＾＾ 可愛く出来ました！ありがとうございます(^^) 娘のBDに♪初めてでも作りやすかったです次回はカスタードで再挑戦 アライマンさんのように美しくはならなかったですが満足です(^^),シュークリーム
"とろりんなめらかで美味しい＾＾甘さも控えめで食べやすいですねー 美味しかったので会社の皆にお裾分け(*^^*)好評でしたよ～♪ クコの実無しでもふるふるとろりん美味しかった！これはハマる(笑) 子供と一緒に作り手軽にできて、おいしかったです！
 とってもとろりん美味しかった♪クコの実なかったから苺ジャムで☆",杏仁豆腐
"でかくなったけど美味しく
いただきました！ 生クリーム挟んでみました♪うまくいったかな？また作ります！ クリーム超美味☆簡単で美味しく出来ました♪皮パリっ♪また作るぞ！",シュークリーム
何度作ってもスが入ってしまったのですが、このレシピで初めて綺麗なプリンが作れました！ 石油ストーブを買い、上で料理楽しみました。けっこうしっかり目にできたので、みかんシロップ煮をのせてみました。美味。また作ります。 濃厚で美味しくできました！家にあるもので簡単に作ることができて大満足ですバニラビーンズがなかったので次回は入れてみます,プリン
"柔らかで美味しい！黒蜜&きなこをかけたりして食べています。 ぷるんぷるんでおいしい！　イチゴジャムも乗せてみました。 鍋を使わず、この美味しさありがとうございます。大好きな味。 濃厚、甘めで癒されました
素敵レシピありがとうございます♪",杏仁豆腐
リピリピです！ぷるるんとしていてやっぱりお家でおやつ作って２人で食べるとなお美味しい！また絶対リピさせて下さい！美味レシピ感謝★ アガーで簡単！ぷるるん美味しかったです。 ぷるるんプリンでした！初めてプリンをお家で作りました～まだあと２つ残してあるのでさっぱり食べたいと思います！美味レシピ感謝★,プリン
"中にたっぷりカスタード100%このレシピ最強です♪ 初めてでしたが成功しました!中のクリームも美味しかったです♪
 カスタード100%で作りました！最高でした♪またつくります♪ 生地が難しかったです（；＿；）また挑戦してみたいと思いました！ 膨らみがビミョーですが、わりと簡単にシュークリーム出来て嬉しい！ １回失敗したけど美味しかったですΨ( 'ч' )",シュークリーム
"マンゴーのせました♪
トロトロで美味しかったです☆ 寒天の杏仁が食べたくて♪このレシピすごく美味しいまた作ります！ お土産に・中華料理のデザートの定番にしてます☆ふるっふる美味し ふるっふるの杏仁豆腐ができました感激",杏仁豆腐
美味しかったです！シロップはみかんの缶詰で代用しました 杏酒→レモン汁、牛乳→無調整豆乳！時短で美味（＾ω＾）有難う しっかり固まりキレイに型離れ出来ました。美味しいレシピに感謝です すぐに固まるので夕飯のデザートに間に合いました。 練乳たっぷりで美味しかったです(*^^*) 家族にも好評でとろーりソースもとても美味しく頂きました(*^^* 杏酒が無いのでレモン汁でシロップにしました。練乳がナイス！美味～,杏仁豆腐
簡単で手早く出来ました！感謝感激(///∇///) 膨らむのおもしろい！リピです！！ 膨らんでびっくり！面白い！簡単な生地の作り方をありがとう！,シュークリーム
チョコシュー、ノーマルシュー両方最高レシピです！リピしまくり バレンタインに作って彼にあげました！美味しいと大絶賛でした 美味しくできました(*^^*) さくさくに美味しく出来ました～レシピありがとうございました。 生チョコカスタおいしすぎます,シュークリーム
"きれいに焼けて嬉しい、パフの軽さも好みでした！感謝 綺麗に膨らみました。
またリピします(´`＊) 上手に出来ました",シュークリーム
パウンド型で。つるつるでとてもおいしかったです。子どもがとても喜んでくれました！ コロナで家での何かを探していたら！ビンゴ簡単美味しいで大満足です 入れ物が茶碗蒸しなので抜けませんが甘くって美味しいです。 簡単、でも王道プリン！ですね。 家族全員で争奪戦になりました！レシピ感謝です！,プリン
バナナ消費に しっかり固まってた！バナナのねっとり＆ココアでほろ苦お手軽でした ミロなしで作りました！とても簡単で楽々！固まるのが楽しみです～♪,プリン
こんがり焼けて外サクサク中とろ～り新しい食べ方に感激です☆ 皮パリッ中とろりん美味！！あっとゆう間に完食しちゃいました笑 表面はさくさく、中のクリームは暖かくてトロッとして美味しかった！ 簡単にリメイクできて、美味しかったです～。 パリッとなった皮がおいしい~♪冷凍シューが甦りました。 プチシューが蘇りました感謝ですチョコシロップかけました～感謝～ プチシューではなく普通サイズでトライ♪さっくりあったか新食感,シュークリーム
"きれいに美味しくできました とても美味しく、出来ました。ありがとうございます。またリピしたいと思います。 キラッ☆うまぁ。o○
す がたちまくりだけど美味しく出来ました なめらかで甘さもちょうどよかったです♪今度は大きい型で作ります☆ カップにしたんですけどキレイに出来ました！
レシピありがとです 美味しかった♪オープンが強いので次は温度下げて焼いてみます",プリン
濃厚&もったりで美味しかったですミカンと一緒に頂きました♪ 倍量で大量生産しましたー♪濃厚で最高に美味しいです!! お盆のお客様用に作りました。本当に濃厚で食感も良い感じでした＾＾,杏仁豆腐
"少し固まりにくかったですが、トロトロとして、それはそれで美味しかったです。 子供と一緒に簡単につくれました。家族が多いので全部で9個も作れてよかったです。 美味しいなめらか～市販のプリンを買うより、美味しいですご馳走さまでした♪
また、作ります シンプルならレシピなのに、なめらかトロトロでお店の味また作ります",プリン
"生地作り簡単でビックリしました。また作りたいです！ ちゃんと膨らんで美味しかったです！ エクレア風に^^;生地美味しかったです(*^^*) 初めてなので　もっと
練習して　上手になりた～い☆ ﾊﾞﾚﾝﾀｲﾝに！ﾌﾞﾛｸﾞも久々に覗いたら赤ちゃんおめでとう♪ 前回の後１回失敗しまして今回３回目！ふっくら出来て嬉しい＾＾♪ 実はブログ見てます☆５ヶ月娘の寝てる夜中に挑戦ｽﾄﾚｽ発散かもｗ",シュークリーム
とっても美味しかったです！マンゴー乗せてみました 簡単なのにﾏｼﾞ杏仁だぁ^m^シロップもおいしっ♪ とっても美味しかったです♪今度はフルーツも一緒に食べたいなぁ☆ 杏仁豆腐が寒天でも作れるんですねとっても美味しかったです＾＾♪,杏仁豆腐
カフェオレプリンレンジで簡単に美味しくできました生クリーム乗せも楽しみました珈琲好きまた食べたいです こんばんは(^-^)レンジだけで簡単なのが助かる(^^)d時間通りで成功したよ♪なめらかで凄く美味しかったレシピに感謝☆ 600w2分半でばっちりでした◎レンジだけなので夏の手作りデザートにぴったりですね美味しかったです 蒸し器使用レシピ工程15～追記しましたこちらも美味しく出来ます レシピですカフェオレ味のレンジ蒸しプリンです,プリン
簡単で可愛くて子ども達も喜んでくれました、ありがとうございます みんなに喜んで貰えました！ 参考にさせていただきました～ステキなレシピに感謝,シュークリーム
卵３個でカップ5つできました しっかりしたプリン、クリームチーズの風味が活きています。おうちプリンのおいしさに目覚めました！ パウンドケーキの型で作ってみました。夫に褒められた味でした！！ありがとうございます！,プリン
"4回作って4回目でやっと膨らみました(*)まだまだ改良出来るかもしれないのですが、凄く嬉しい！味はめちゃくちゃ美味しい 初めて挑戦しました。また挑戦したいです。 焼けたよー
                  ",シュークリーム
"牛乳のやさしい味がして、おいしかったです。 上手くひし形に切れなかった…味はグ～！！ ギャングからのセカンドオーダーです
「これ！これ！」だそ～だ；",杏仁豆腐
他の方の失敗しないやつで失敗に終わり、このレシピで助かりました。 とても美味しくいただきました。ごちそうさま 初めて膨らみましたあ！桃とカスタードクリームを挟んでめちゃうま！ おいしかったです。,シュークリーム
"分かりずらいけど、シロップ参考に簡単で杏仁に合ってるー おいしかったです 夫が大好きな杏仁豆腐!
帰省するので作りました(°▽°)有難う♪ また作りますo(^▽^)o 濃厚で美味しかった～(☆∀☆)リピしたい ありがとうございます ",杏仁豆腐
簡単にできて嬉しいですイタリアンプリン程濃厚すぎず、好みでした(^^)また作ります♪ 休日のおやつに作りました。濃厚で美味しかったです^ ^ 少し牛乳を入れすぎてしまった！けれど濃厚で美味しかった☆,プリン
初めてシュークリーム作りました！また挑戦したいです♪ 粉砂糖なかった～色黒だけど美味しかったよ♪即完食(^q^)感謝 ちょい焦げだけど初めて成功～♪クリーム材料忘れ(笑)仕事帰りに☆,シュークリーム
簡単なのに、杏仁豆腐みたいな味でした！！家族も、美味しいと言っていて良かったです！デザートとして食べましたΨ( 'ч' ☆) 簡単で美味しい！甘さもほどよく食後のデザートにぴったりでしたまた作ります ドライのクランベリー入り。牛乳消費にレシピ助かりました。感謝 林檎のソースを用いて作りました。初めてでしたが、本当にトロットロで美味でした材料も少なく、手順も簡単！またリピさせてもらいます,プリン
やっぱりふくらまなかったです。卵のサイズを表示してください。 トースターでもシュー皮が焼けて感動～美味しくできました 膨らみがイマイチ………ぴえんまた作ります。 オリーブオイルが1gしかないことに途中で気づきサラダ油で補いましたが美味しい生地が出来ました~,シュークリーム
久々に食べたくなり作りました！ 卵消費に簡単に作れるデザートです！ ごちそうさまでした,プリン
母が固めのプリンを食べたいと言うので、その要望にお応えして作りました！とてもおいしかったです。 いつもは焦げてスがたっちゃうのに、大成功だったのは、アルミでフタをしたからかな☆子供達が帰ってくるのが待ちどおしー♪ おいしかったです！,プリン
カンタン過ぎる（笑）３時間で味見、まだ固まらず、でも美味しい！残りは明日の楽しみに。 牛乳と混ぜるだけでホントに固まりました！ ごっつあんです！ 固まった後に柿を乗せました。とても美味しく頂きました。ご馳走様,プリン
レシピ参考にしました。私も中学生です。簡単に出来ました。 失敗なく膨らみました^^量もちょうどいいです！また作ります♪ 子供と一緒に作る事ができました！また、作るみたいですよ♪ 膨らみにくいとよく聞きますが本当に簡単でうまくできて嬉しいです,シュークリーム
生クリームが入ると濃厚な感じがして美味しいですね優しい甘さのプリン、いいですね先日はごぼうサラダにれぽを有難うございました とろけ～るご褒美プリンができました(**)お店よりも好き！と主人にもびっくりされました♪♪おもてなしにも 生クリーム入れて作るの初めてでした。滑らかで美味しかったです。,プリン
あっさりしたゼリーみたいでダイエット中のおやつにぴったりでした！ 余っていたトマトジュースと混ぜて固めてみました。うまくできました ﾌﾙｰﾂなしの写真ですが、うまくできました！,杏仁豆腐
冷凍していた卵白と自家製ゆで小豆使用☆ふ～わふわで美味しかったです 小豆をたっぷり200グラムくらい入れました～黒糖でつくりましたが、とても美味しかったです♪卵白よく余るのでまた作ります！ 砂糖、油10g減らして。卵白消費じゃなくてもまた作りたい美味しさ,プリン
"はまって娘がリピしました。また作ります！ みかん缶詰を入れました。とてもおいしかったので今度は倍量で作ります！ ２倍量で12個できました。
とても簡単で美味しかったです。
",杏仁豆腐
レシピありがとうございます。プリン好きの娘のために作りました。 簡単に作れてよかったです！ありがとうございました！ 簡単でした★カラメルが失敗してしまい別レシピで作り直しましたが、家にあるもので美味しいプリンが出来て満足です！ 甘さ控えめで美味しかったです！有難うございました,プリン
ひぃちゃま久しぶりに集中して楽すぎる午後でした！手持ちの苺餡＆赤紫蘇J＆ラムネSで。しっかり冷やして頂きますねいつも感謝です こちらはお豆腐ぷりんで、作りました。 自分に初れぽ♪毎年作っている紫陽花、今年も美味しくできました。,プリン
とてもいい香りです。食べるのが楽しみです！ このとろぷる食感がたまりません！香りも濃厚で大好きです♪ 南杏100ｇで☆風味が全然違います！わかりやすいレシピに感謝です,杏仁豆腐
ゼリー参考にさせて頂きました。分かりやすくて美味しかった感謝 作ったの大分前ですが…すいか消費に！美味しかったです(*^^*) 杏仁とスイカ美味しい♪( ´▽｀) ぷるぷるで美味しく綺麗にできました。 夏らしく、爽やかで美味しかったです♪,杏仁豆腐
旦那さんの誕生日に。久しぶりにお菓子手作りしました！ 初めてシュークリームにチャレンジしました！美味しかったです！ ちょっと食べたい時に丁度いいですね！無事膨らんで一安心です♪ 一口サイズで作ってみました。今度は、生クリームを挟もうかな～。 苺がない季節のデコにプチシューが活躍してくれました！,シュークリーム
"同じことで悩んでました！素敵なレシピをありがとう！ とってもよく膨らみました。美味しかったです。
リピします♪ ちょっと小ぶりなのですが…クリームがたくさん入りました(^Д^) シューだけで美味しいつぎはもっと膨らませます！",シュークリーム
簡単美味しかったです。 アガー最高！！これで〆ればお家で中華ランチ気分でした☆ おいしかった～みかんのシロップで十分いけますね。,杏仁豆腐
"o(^-^)oﾜｸﾜｸ
大好き杏仁豆腐
早く食べたい 冷やす時間が短くて？シロップが濁っちゃいました。味は100点！ 本格的な杏仁豆腐で美味しくて、
また作ってって言われました＾＾
 おいし～♪子どもがﾊﾞｯｸﾊﾞｸ食べました～(*´∀`)♪",杏仁豆腐
簡単！大好物の杏仁豆腐がとっても美味しく出来ました!(^^)! 杏仁豆腐に初めて八角☆簡単で美味～♪ありがとう(*^O^*) 八角が入るとエスニック！暑い日にすごく美味しかったです。,杏仁豆腐
絞り方へたっぴなのか、生地かたかったのか横に膨らんだ？高さがでなかった(TдT)またリベンジします(   ) 簡単に出来て好評でした。また作ります。クリーム美味しいです。 特に、クリームがすごーく美味しいですね！さすが！のレシピです。,シュークリーム
形にバラツキができてしまいます(>_<) とても分かりやすい説明だったので、今までで一番上手に出来ました★ 形が悪くてごめんなさい。でも味はバッチリでした♪また挑戦します,シュークリーム
黒蜜なくて蜂蜜で。最初は豆腐っぽい？と思ったけど自然な甘さが◎！ 抹茶蜜や黒蜜で♪初買い杏仁霜で作りました（＾＾*）簡単手作り杏仁、嬉しいです♪ 黒蜜、黒ゴマきな粉がけにしてみました(/ω＼)おいし～ぃ☆ 寒天混ぜたら少しもちもちっとしました。美味しかったです。,杏仁豆腐
ケーキが苦手な家族ですが、楽しく作り美味しく頂きました毎年このスイーツがいいなと皆ご満悦でした(     ) アラザンとフルーツ盛り盛りで☆簡単で見映えも良くていいですね^^ 皆様と比べボリュームに欠けますが十分楽しめたよランラン～♪ 簡単で豪華！大成功！切らなくていいから楽だー！ デザイン参考にしましたぁありがとうございます,シュークリーム
生クリーム消費にもなって美味しく出来ました。 Wクリーム美味しくてチビ二人もパクパク！マーガリンで作りました。 まともな写真をとり忘れ…玉子2+αできれいに美味しくできました！ 私もちゃんと上手に膨らみました！わくわく大好きシュクリーム大感謝 ぷっくりふくらんで表面はカリッと♪またやってみようと思います^^,シュークリーム
生クリームを牛乳に替えましたが、濃厚&とろとろ理想の杏仁豆腐に。 ほとんど飲み物。プルプルにできました プルプルに出来ましたありがとうございました プルプル濃厚にできあがりました。レシピありがとうございます。,杏仁豆腐
ゼラチンで固めるレシピは貴重です。ありがとうございます！もっちり固めで美味しいです。 セブンのイタリアンプリン、いつも売り切れで食べた事ないから、作りました。こういうねっとりなプリンなんですね！めちゃウマでした。 「焼き」が多い中手軽に固めるレシピに惹かれました。もっちり固くて美味しい家で作れるからうれしい！,プリン
"濃厚でとっても美味しかったです。硬さもちょうど良い感じでした！ 濃厚ですねー。
おいしくいただきました(^o^) 杏仁にアマレットって良いですね香りが際だって最高に美味しい とても美味しかったです。我が家の定番デザートにさせて頂きます♪",杏仁豆腐
"大人用に作ったのに子供達に大ウケ☆今度は子供達に作らせよ－！！ コーヒーの苦さも丁度いいです！
また作ります(*´`*) 美味しくできましたー！ありがとうございます！ 楽チン！物足りないプリンが大変身ありがとう(^o^)/",プリン
マヌカハニーで牛乳400mlでゼラチンは5gのままですがプルプルで美味しかったです(^^) フルーツ缶で入れてよく作るのですがはちみつ入りも牛乳そのものの味を感じれて絶品でした◎また作ります＊ 実は何回もリピしてます。蜂蜜を分量よりもたっぷり入れて甘甘にしてます（笑）娘の大好物です！ プルプルでハチミツの柔らかい甘さのプリンです。,プリン
"美味しそうに膨らみました！ありがとうございます(^^)/

 大成功～ありがとう!!チョコクリーム入れてみました～V(^^)
 手軽でいいですね～プチシューにしてみました(^^)ありがとう～！ バターがなくても作れました。これならいつでも作れますっ♪ 初シュークリーム♪綺麗に膨らんで感動！！有難う御座いました☆ ぷっくり可愛くできちゃったぁぁ♪焼いてる間ずっと釘付け！！",シュークリーム
牛乳が足りなくて生クリームを＋。二層になったけど美味しかったです ふるふる美味（●´ω｀●）あっという間にﾍﾟﾛﾘ♪また作ります！ これだったら何個でも食べちゃえます(´｀)うまかった!! 寒天でヘルシー美味し～すぐにできちゃうのも嬉しい♪ クコの実を乗せて頂きました私も友達も感激の美味しさでした 牛乳200、水100で♪すっごく美味しく出来ました～っ☆ 忙しい中日記に来てくれて感激～凄く嬉～ミルク寒天分量美味しいぃ★,杏仁豆腐
完璧なレシピでした！美味しかったです。 バッチリ膨らみました！いつも失敗してたので嬉しい～感謝です やっと成功するレシピにたどり着きました！ありがとうございました♪,シュークリーム
"再び挑戦し、大成功！ 美味しい美味しいとみんなに褒めてもらいました*\(^o^)/* さくさくまんまるに出来ました(*´∀`)♪
ありがとうございます",シュークリーム
すごく簡単にできるまた作りたくなること間違いなし！！ 息子の家庭科の宿題でつくりましたレンジで簡単にできました！ 簡単レシピありがとうございました！,プリン
小5の私でも簡単に作れました！チョコ無しでも美味しかったです！ モスカバドで色黒に。ルビーチョコ使用です。美味 プリンの甘さがちょうどいいソースも簡単でとっても美味○´∀｀○,プリン
美味しいかったです。素敵なレシピありがとうございます(o^^o) 簡単に美味しくできました。また作りたいです。 孫に作ってあげたら、いっぱい食べました。ありがとうございます♪ 練乳の甘さが良いですね。美味しかったです。 美味しかったです！練乳いいですね！,杏仁豆腐
カラメルなしで作りました。あっさりしていて食べやすかったです。家族にも味がおいしいと好評でした。 お母さんと一緒に作りました！すぐに出来てとても簡単だったので次は1人で挑戦してみようと思います！ 時短したい方にオススメ,プリン
念願叶って紅あづまで♪ココナツミルクと焼き芋香りが堪らないひぃカラメルソースも美味し過ぎ～ゼラチン使い手軽さも魅力的☆有難う 冷凍しておいたさつまいもで作りました。ココナッツミルク美味しい ココナッツミルクたっぷりで美味しかったです♪メープルもいいけど黒蜜も合う！,プリン
しっかり膨らみました！今度は大きめに作りたいです☆彡 半分の量でやったので小さめですが、味も見た目も文句なしでした！ 中２男子。初めて自分で作りました。最高のレシピです！！！,シュークリーム
すごくなめらかで美味しい！家にある材料で簡単にできて、感動でした！ 本格的なプリンがレンジでできるなんて嬉しいです。ウキウキしました。 丁寧でわかりやすいレシピで簡単おいしく最高です（≧∀≦）またします♪ 一瞬でできる手作りプリンぜひお試しあれ とってもなめらかなプリン*とても簡単で、ボウルひとつでできちゃいます*うちのレンジでは、500w３分でちょうどよい感じでした♪,プリン
何回も作らせてもらってます♪めちゃくちゃ美味しいです♪ 毎日でも食べたいです♪美味しく頂きました(^-^) 生クリーム無しでも美味しいです！すごく好みの食感でした！(^^),杏仁豆腐
コーヒー牛乳大好き生クリームでおめかししました(*^^*) 柄のついたカップに入れたのでわかりにくいですが、美味しくできました。ホィッブクリームとチョコを飾ってみましたよ！ コーヒー牛乳好きの息子たちの為に作りました。直ぐにリクエストされました^_^ リピします！,プリン
"一目惚れで前から作りたくて…ようやくw可愛くて皆に喜ばれました☆ valentineに作りました♪可愛いです! とてもうけました＾＾イチゴで紅生姜風♪楽しくなるレシピ感謝です！ すごく可愛いです(*≧pq≦)本物みたい！ 中に入れたカスタードの残りをマヨネーズ風に。 バレンタインに
ホワイトチョコでマヨっぽくしてみました。",シュークリーム
"年長の子どもと一緒に♪
ビックリするほど簡単美味しくできました 口触り滑らかで、お呼ばれに持っていったら好評でした！美味しかった 子供と作りました。とても美味しかったです！",杏仁豆腐
"砂糖大２1/3。アーモンドエッセンス小１。好評でした♪ ツルっと、なめらかで美味しかったです。あっという間に完食でした 甘夏の缶詰を入れたらすごく美味でした☆(^_^)リピしてます。 少ない材料で手軽に出来るのが良いですね！ちゃんと杏仁してます 前回ﾌﾀしたままで><謝。甘さもﾊﾞｯﾁﾘ☆ﾘﾋﾟ花◎においしい 杏仁豆腐だぁ
ミックスなしでもおいしい。また作ります^^ いつも大好きなゼラチンですが夏は特に美味しく感じるので色々作成♪",杏仁豆腐
息子のリクエストに答えて今度はイチゴ入りです。レシピありがとう！ 初めてのシュークリーム、とっても美味しく出来て大満足。 ２種のクリームで美味しさ倍増です＾＾倍量で作っても良かったかも！,シュークリーム
家にあるものだけでつくれるのが良かったです。滑らかにできました。 子供達と一緒に作れました。なめらかで美味しかったです(^o^) 簡単で冷蔵庫にあるものであっという間に作り即食べました！ すごく見た目も良くて味もとてもおいしかったです。,プリン
水150.牛肉450で☆ 本当、口に入れたらとろける食感！いくらでも食べられますね(*´`*) こんなに簡単になめらか杏仁が出来るとは。もう、市販品は買わなくて作ろうと思います チビに取られちゃう！久しぶりに作りましたが、やっぱり美味しい☆ もう何度も作ってます！簡単で美味しいですね。また作ります^_^ レシピ通りに作成。この方が美味しいです！また作ります^o^ 水を半量にしたら杏仁が少し溶け残り！でも美味しかったです^ ^,杏仁豆腐
"泡そのままですが(^_^;)
子供と簡単に作れました♪ ゼラチンの代わりにアガーで。アーモンド・ミルクの風味が美味しい。 ピーチを砂糖煮してフレッシュフルーツを飾りました　pretty!",杏仁豆腐
トロッとしていて、プルプル。簡単で味もとてもおいしかったです。トルコでこれからいつでもこれが食べられるなんて嬉しい！ 入院中の友達のリクエスト。簡単なのに喜んでもらえてHAPPY!! 三回作りました！母に「もう一個無いの？」と聞かれる位評判でした！ 主人作♪簡単なのに本格的!これならまた作ってもらえそうです★笑,杏仁豆腐
膨らみがイマイチでした()絞りかたが悪かったかな？ココナツオイルでヘルシーですね サクサクで香ばしいシューができて、感激しました。 体の事を思ってのこのシュークリーム、最高でした♪リピ決定！ ココナッツオイルだとヘルシーで香ばしくて一石二鳥☆レシピに感謝！,シュークリーム
生クリームで本格的な味になりました!３歳娘も大喜びでした♪♪ 桃をあしらってみました！ぷるぷる☆美味しそう！ 二歳の姪っ子と作りました。美味しくて楽しかったです♪ ボウルいっぱい作ったけど、子供達があっと言う間に食べちゃいました 定番のみかんを加えて…。とっても美味しくて大満足,杏仁豆腐
いい感じに作れました。 ゼラチンで作りましたが表示の量だと全く固まらず、三回袋半分ずつ増やしてやっとこんな感じでした。。 寒天で作りました ふるふるでメープルかけてもおいしかった(^^),プリン
"クリスマス過ぎましたが(汗)ずっと作りたかったのが上手く出来て良かったです♪味も美味しくて見た目も可愛いです！ メッチャ可愛く美味しく出来ました～
最高！！ 丸型絞りが難しかったのでまたチャレンジしたいですレシピありがとうございました 美味しく、見た目もかわいいパリブレストが出来あがりました！ 初めてのシュークリーム好評でした！レシピありがとうございます！",シュークリーム
"わたしはそのまま♪娘はホイップを足して(^^)同じ作り方でお互い美味しくいただきました♪ 美味しかったです。
チーズ濃厚なので味変にカラメルオススメです。 小さなカップでしたので20分加熱でした。もっと短くても良かったかも。美味しいプリンになりました。",プリン
ふるふるのプリンになりました！ラカントを使ってカロリーダウン(^^)美味しかったです おやつに水切りヨーグルトといちじくジャムをのせて。濃厚でとっても美味しかったです♪ とても美味しかったです！材料も少なく簡単に作れたのでリピします(*^^*) 簡単かつおいしい！　試しに作ってみましたが、またリピしようと思います^_^,プリン
"トロトロで美味しかったです。 杏仁霜が溶けきっていなかったのか、下が粉っぽくなりました（泣） もっちりしてて美味しかったです(*^^*) 美味しく出来ました！もちもちー！感謝です(^^) クコの実が無かったのであり合わせのフルーツで
美味しいです ちょうど良い柔らかさで美味しかったです！！",杏仁豆腐
"とっても美味しくできました！ 杏仁豆腐好きの主人に好評でした リピですマンゴーの替りに完熟の柿で。とても美味しかった！ トッピングを変えて楽しんでいます。これはマンゴーとクコの実旨っ トッピングはサクランボとゼリーを。とても美味しかったです ()
 ﾌﾟﾙﾌﾟﾙでしたー♪ダイエット中の息抜きにq(^-^q) キウイですが＾＾；手軽に低脂肪杏仁イイねフルフル美味しかった～",杏仁豆腐
この位硬いの、探してました！分量は守り、鍋で沸騰させてから粉を混ぜて、火から下ろして溶き卵を加える方法でも出来ました！ 粉の半分を強力粉に。厚めの皮になり大満足。差し入れ用に個包装！ ご主人様のおやつに( *´艸｀)超サクサク！ハードさにビックリ☆ カリカリおいしい生地でした☆もうちょっと膨らむようにがんばる♪ ちょっとふくらみが微妙。皮はすごくおいしかったです♪ きれいに出来ました♪素敵なレシピありがとうございます♪ 今まで本当に苦手だったシューがっこんなにこんもり♪嬉しいです！,シュークリーム
火加減がわからず失敗しましたもう少し詳しく書いてほしかったです とても簡単で美味しかったです すが入ることなく美味しくできました！カラメル作るのめんどくさかったのでアイスとリキュールをかけて。 プリンもカラメルも美味しくいただきました。 とても簡単にできました！カラメルなしでも美味しいですまた作りたいです！,プリン
ずんだ甘酒シリーズですね やさしい甘さ 美味しかったごちそうさま 枝豆多かったかしら甘麹の優しい甘さでほっこりプリン昨日帰宅した娘も濃厚で美味しいと喜びました頭痛は大丈夫ですか？ 型違いでもう一つ作。身体思いの優しいお味のデザート、甘さ控えめでしかも甘みが甘麹枝豆好きにはハマる美味しさです有難う 固まりました～食後のデザート♪この優しい甘さが美味しいです！子供には黒蜜を 待ってました☆続・ずんだ甘酒シリーズ甘酒の優しい甘さとずんだの味わい、この食感…癒しの集大成☆簡単ヘルシーおやつ最高感謝,プリン
ほんのりピンクでかわいい☆優しい味でおいしかった！ご馳走様でした 製氷用の苺型で作ってみました。超美味♪ピンク色が可愛いですね！ 季節を感じますね☆苺の味がいつもの杏仁と違って新鮮娘もパクリ,杏仁豆腐
"カラメルソースが残っててちょっと足りなかったけど美味しく出来ました♪ねっとり濃厚で美味しい☆ 倍量で^^* オーブンのプリンモードで美味しく出来ました。 丸型しか無かったけど…
簡単でコクがあって美味しかったです",プリン
中学生の私でもうまく作れました素敵なレシピありがとです！ プチサイズで沢山作りました♪すごく美味しかったです(o^^o) バースデーケーキのトッピングに活用しました！！プチシュー可愛い 初めて成功したよクリームの入れ方分かんなかった～＞＜また作る やったぁ初レポに間に合った＊クリームは別だけどベストマッチ♪,シュークリーム
ふるふる～♪とろけました美味しくって幸せデスご馳走様でした！ ヨーグルトと林檎のコンポートを‥♪プルンプルンが最高～☆ ふるふる感伝わる？次はオシャレに飾り付けてリピしますっ リピ～☆缶詰のフルーツ乗せたよ♪この杏仁の緩さが絶妙◎ この間作っといた林檎のコンポートを添えておいしく食べたよー♪ ママが喜んでくれました。きれいにできてうれしいです。,杏仁豆腐
子供のリクエストで久しぶりに作りました♪ ゼラチンをマリブでふやかしました♪簡単で美味しかったです 美味しく出来ました^ - ^,プリン
簡単で美味しく作れました！ありがとうございます 記載の1/3スケールでやってみました。良い感じに仕上がりました。 簡単美味しく出来ました綺麗に膨らんだしまたリピします^ ^,シュークリーム
超簡単で可愛くなりました！美味しかったです(^O^) 娘の4歳の誕生日ケーキに。一つだけ黒くて目立ちました。 プチシューを焼いてチョコでコーティング♪可愛く出来た！かなぁ～,シュークリーム
"賞味期限まじかでしたので、助かりました
(^_^;) お土産のシュークリームで美味しかったです！ クリームがアイスみたいな食感になって美味しかったです(^ω^) 娘と食べました食べきれなかったシュークリームもアイスで幸せ♪",シュークリーム
簡単に出来ました！冷やして明日のお弁当のデザートにします レンジで作れるから簡単で、ぷるぷるで美味しい～♪ おいしいレシピをありがとうございます♪また作ります～,杏仁豆腐
濃厚(o´艸`)どっしり食べ応えあり♪♪皮ごと栄養満点体に良いおやつ感謝です 南瓜の皮ごと使うので濃厚かつ食べごたえ十分！凄く美味しいです♪南瓜好きの娘には特大サイズでレシピをありがとうございました！ う~ん美味し♪南瓜の美味しさ堪能しました！家族にも大好評で有難う かぼちゃ好きなので皮は大事に活用したくまるごと濃厚プリンと名前を変えていただきたいくらいですよ！美味しかったです,プリン
"美味しくできました☆ 初めて作りました☆おいしかったです！！ シュー生地成功♪半分は自分で食べちゃいました^^;ご馳走様です☆ すﾝごく簡単にできちゃいました♪また作りますう☆ 私にもできました♪ふわ②で美味しい！！たくさん出来るんで、プレで 人生初☆シュークリーム♪かんたん、おいしい～ありがとう 初シュークリーム作り♪
とってもおいしくできました！ふわふわ☆",シュークリーム
リピです。とろ～りぷるんとして美味しいです。ご馳走さまでした♪ 作ってスグ冷蔵庫に入れられるところが良い！大好評でした。 とろぷるで理想の杏仁豆腐でした。ご馳走さまでした。(^^ゞ コクがあって、凄く食べ応えのある杏仁豆腐ですね！喉ごしトロンで旨,杏仁豆腐
シュー皮を作りました。生地が弛かったようで高さが全く出ずペチャンコです(T_T)また今度挑戦したいと思います！ ふわふわ生地に仕上がりました。レシピの掲載ありがとうございます。 素敵なレシピありがとうございます！子どもと一緒にしっかり膨らんだシューが焼けましたo(^▽^)o,シュークリーム
グラタン皿でドーンと！砂糖の代わりに蜂蜜で。 明日のおやつに仕込み冷蔵庫で冷やしてます（）明日の15:00が楽しみです★(  )★ 初めてでしたが、なにも難しいことはありませんでした。今度はどでかいプリンを作ろう…,プリン
"初めての成功！！嬉しいです！シューアイスにして食べました 良い感じにサクサク 初めて成功しました！ありがとうございます(^^) サクサクのシューにが出来ました、完璧です

",シュークリーム
濃厚で美味し！ パウンド型使ったので型出しで少しくずれました^^;確かにチーズケーキとカラメル、ありそうでなかった！濃厚 プリンもチーズも両方味わえて美味しかったですm(__)m,プリン
簡単で美味しく作れました！ほうじ茶濃いめで大人の和プリン。 おいしかったです(^^) 優しい味でとっても美味しかったです 煮出し中のの香り高さにうっとり～食べてまたうっとり～好みです！ 大好評でした！,プリン
ミニエクレアで使わせて頂きました。これはホントに失敗知らず！綺麗に膨れます。有難うございました(^^) 初シュークリーム作り^ ^生地が柔らかすぎたようなので、またリベンジしてみます^ ^ 歪ですが、しっかり空洞！味はとっても美味しい！レシピ通りにつくれば、初めてなのにちゃんとしたシューができました。感激です！,シュークリーム
今回も美味しく頂きました。フワッと香るアーモンドエッセンス◎ 冷たく冷やしてプルんプルん★お手軽に作れて美味しい★ アマレットを使って。暑いので風呂上がにつるつると頂きました♪,杏仁豆腐
簡単＆美味しい(^-^)ごちそうさまでした♪ 優しい甘みでもっちり美味しい。栄養もあっていいレシピですね。感謝 モッチリ食感がたまりません 簡単で美味しかったです～！また作ります(*^^*),杏仁豆腐
いつもの様にカラメルタブレットを使い作ってみました素炊糖を使い素朴な味わい。添加物無しで安心なプリン、とっても美味。ご馳走様。 材料1.5倍で、7個作れました硬めが好きな娘にとても好評です。美味しく頂きました。蓋があると冷蔵庫で重ねて保存できて便利です。 手軽なカラメルタブレットを使って、作ってみました優しい甘さ。とても美味しく頂きました。御馳走様。,プリン
倍の量でまとめて作りました。濃厚プルプルで好みの味です♪ 絶妙なトロミ加減でした。生クリたっぷりで濃厚！美味しかったです♪ なかなかクリーミーでした。ごちそうさまでした^o^ これで３回目のリピです。イチゴはバルサミコと蜂蜜で和えました。 初めてでしたが、濃厚な杏仁豆腐が出来ました！また作りたいです。,杏仁豆腐
"本当にとても美味しかったです。生クリーム使い切りも嬉しいです。 大量に作ってしまいました。明日、職場でおやつに出します。楽しみ
 香りがとってもいいですね♪みんなで分けて食べます(^з^)-☆
 嬉しい、美味しいアガーのレシピ感謝です(*≧∀≦*) モッチリ濃厚でおいしかったです 濾してから冷やしてみました。なめらかで美味しかったです♪ 生クリームが半分しかなく牛乳増量で作りましたが、美味しかった♪",杏仁豆腐
一歳の息子がとても喜んで食べました。ありがとうございます。 少量でちょこちょこ作れるし、苦手な卵も牛乳もしっかり、摂れます。手に持って離さない程、大好きです！ 初めて作りましたぁ～プルプルになりました.* 目から鱗なプルプルが嬉しかったです！紅茶でアレンジしてみました,プリン
ほぅじ茶さんごめんなさいこのクリーム最高娘のリクエストでクリームパンにしたらまた最高っ美味しいレシピ楽しみにしてます チーズカスタードクリームをロールケーキに使いました！美味し！ 出来た！ちゃんと膨らんでアメリカン彼と彼の家族に喜んで貰えました,シュークリーム
簡単で美味しく栄養も摂れて子供のおやつに最適です☆ 簡単でヘルシー♪カルシウムもとれるので妊娠中のおやつに頂きます！ とっても簡単！優しい甘さで罪悪感なしの嬉しいおやつタイムでした♪ ﾐｶﾝｾﾞﾘｰ乗せと2ﾊﾟﾀｰﾝ。簡単に作れてﾍﾙｼｰ嬉し^^ 本当に!!ヘルシーで美味しかったです♪また作りたいです。,杏仁豆腐
ちょっと固さが緩かったけど簡単にできました。柿のみの自然な甘さです。 写真汚くてすみません(><)こんなに簡単で体にもいいですね♪とろとろプリンで美味しかったです！ あっさりしていて甘さ控えめで美味しかったです(o´∀`o)黒蜜かけて食べました,プリン
砂糖はいれずにジャムとアイスを上乗せ。卵を入れると豆乳の匂い感じない！次女はだし醤油で。まったりした卵豆腐な感じでした(^.^) アーモンドミルクで。砂糖に黒糖混ぜました。簡単でプルプル美味しかったです。 なめらか～ 半端な牛乳を使い切りたくて500ccでもいけました。 簡単なめらかいい感じのゆるさでおいしかったです！毎日でも作れそう。レシピありがとうございます。 また、リピートします,プリン
本当にカンタンに美味しく出来ました元々薄味派なので、＋オリゴ糖をかけてみました ほんとに簡単！フルフル！美味しくできました。ありがとう 半量で！濾しが甘い&火が強かったかな、、、気泡が入って固くなってしまった( ；∀；)味はとても美味しいリベンジします 材料３つであっという間に出来ましたはちみつを少しかけてとても美味しかったです,プリン
ちょっと小さすぎたかな？ふわふわで美味しいパクパク食べました♪ この分量で２０個のプチシューを作りました☆詳しい作り方に感謝 ガチリピです（笑）白鳥さん形も、安心して作れるレシピですね～☆ プチのつもりが、少し大きくなりました（笑）美味しくできました～☆ かわいいプチシューができて娘が大喜びです♪ありがとうございます,シュークリーム
家で気軽に杏仁豆腐が作れました！！大好物の息子が驚いてました 濃厚な杏仁豆腐ができました！まだ２つ残っているのでフルーツを添えて食べます(^^) 余った生クリームがあったので、また作りました。美味しかったです。 プリンの空き瓶に入れて作りました。濃厚で甘くて美味しかったです。,杏仁豆腐
美味しかったです カボチャの味もして、とても美味しかったです！(∩´∀`∩) ちょい焦げましたが…とっても滑らかで美味しく出来ました^_^ 貰ったかぼちゃでおじさんチャレンジ、簡単＆バカ旨でした！,プリン
"サクサク生地。 すごく美味しくて
親やお兄ちゃんからも
好評でした!(´ω`*) 作ってみました((*´∀｀*))大成功なり。また、作ります♪ 美味しかったです
",シュークリーム
"甘すぎない昔ながらの優しい味わいがとても気に入りました カスタードクリームすごいおいしかったです！中学生の私でも簡単 カスタードクリームを使って苺タルトを作りました。美味しかった カスタードを参考に！
おいしかったです(o^^o)",シュークリーム
ぷるぷるで美味しかったです 気になっていたアーモンドミルクプリン。黒糖×パインを添えて。アーモンドならではのコクがいいですね！ アーモンドエッセンス入れて作りました！また作ります 長野の外はもう冷蔵庫(*'▽'*)レシピありがとう^ ^ 大量にいただいたアーモンドミルクの消費が出来ました。,杏仁豆腐
"プルプルでとっても美味しかったです　 クコの実がなかったのでさくらんぼで。
おいしかったです！ 今まで作った中で一番美味しい☆くどくなくて柔らか♪リピ決定です！",杏仁豆腐
"ほんとに手軽に濃厚な杏仁豆腐ができました＾＾美味しいです ふるふる濃厚杏仁☆低脂肪乳でもしっかり濃厚でした～♪♪ 時間が無かったのに本格的な味になって助かりました～(^^)v 濃厚満足！そのままじゃ物足りない市販の素が
お店の味に大変身☆ 中華屋で食べた濃厚クリーミーな味が作れて嬉しい！美味しかったです",杏仁豆腐
膨らんだ～！生地もレンジで簡単でした＾＾リピします♪ 初シュークリームです＾＾成功してよかったぁ♪いっぱい出来ました 倍量で☆シュークリームもう買わなくてもいいじゃんってダー大絶賛♪ とても簡単にできました。おいしかったです。 シュークリームってこんな簡単に出来るんですね!!しかも美味vv このレシピで、成功したので嬉しかったです♪,シュークリーム
大きいタッパーで作りました。 ありがとうございました無事成功致しました 抹茶ミルクプリンにしました,プリン
"ちょっとこんがりめ。
不安で膨らんでからカスタードを作りました。 きれいにできました (　`ω´　)!! ちょっと焦がしたけど美味しかったです",シュークリーム
食べたい時にさっと作れて助かります^_^ 量りを使わないので楽々^_^そして、甘さも控えめでたくさん食べても罪悪感無しです。 簡単に美味しくできました！甘すぎ美味しい！甘くしたい人は砂糖多めでも良さそうです！,プリン
ぷるんぷるんー とろっとろプルプルなめらかー 娘にバケツ1杯食べられる！と言われました。フルーツを添えて^_^,プリン
"大成功でした！素敵なレシピをありがとうございます。 手こずったけど完成☆甘々です*\(^o^)/* 初めてのシュー作り！！
失敗なくできて、とってもうれしいです 美味しくできました！
ありがとう！ 簡単にできて最高～
今からクリーム作ってひな祭りに食べます♪ おいしくできました！バレンタインリピしたいｗ 生クリーム入りで。職場でおいしい～の連発でした。また作ります",シュークリーム
こんにちは！冷たいプリンが美味お友達も見えてプリンにおめかし皆さんに喜んで頂きました★ご馳走様です(固めに作りました) 簡単でぷるんと丁度良い固さにとても美味しく出来ました☆ めっちゃカンタンに美味しく出来ました家族からもめちゃ好評でリピしようと思います！！,プリン
いい感じです！！ありがとうございます！ 倍量にしたら卵多くてシュー生地が緩くなっちゃったけどギリセーフ！ クリーム焦がしましたが、作り易い分量でした。!(^^)!,シュークリーム
生地が柔らかくなりすぎたかな？また挑戦します。あるカップにのせてみようかな。丸くしたーい♪ エクレアにしました。そんなにオリーブオイルのクセもなくおいしい！ バターなくて急遽！！あまり膨らまず泣只今再挑戦なう！ サクふわシューが出来て感激！素敵なレシピありがとうございます～！,シュークリーム
パイシューが食べたくなりこちらのシュー生地で作らせていただきました！簡単にできてしっかりふくらみました！美味しく頂きました！ 簡単に膨らみました！ありがとうございます^_^ 美味しくできました(**)｡♪:*°リピします！,シュークリーム
美味しかったです^_^ 美味しかったです(^^) 固まらなかったので中火で蒸しました！簡単に出来ました！ありがとうございました！ カラメルは先に流しました。美味しかったです。 固めるのに少し苦労しましたが、材料も３つ、簡単に手軽に作れました！ ちゃんと固まってカラメルのコツも大正解でした。初めて良い色のカラメルが出来ました。プリンも固すぎずぷるんと柔らかくて良かった！ 黒糖（15gでも多かったかも）カラメル無しで作ったので見た目あれですが^^;美味しかったです！子供がとても喜んで食べました^ ^,プリン
電気圧力鍋を使うとめっちゃ簡単 この間の味が忘れられずまた作りました。今度は三等分に。仕上がりが心配でしたが問題無！前よりカラメルとのバランスもピッタリでした。 焼きプリンが好きでしたが　物凄く早く出来てしかも美味しい。いいレシピですね♪また作ります♪ 硬めで作りました！プリンもカラメルソースも簡単で美味しかったです！ 昔ながらの優しい味でとても簡単に作ることができました。,プリン
今まで作ってきたプリント全然違い、本当にぷるぷる滑らかで感動しました！もうこのレシピでしか作れません とってもなめらかで感動しました！カラメルはあえて作らず、子どもと一緒におやつで食べてます！なくなると怒るくらい気に入ってます！ 少ない材料で、とてもおいしくできました！ 全卵！牛乳！のみで良いのが凄くうれしいレシピですいつでも作れる美味しいプリン なめらかな美味しいプリンができました！カラメルの代わりにメープルシロップをかけていただきました！ プリン初めて作りました！書いてた通り地道に火を通したら上手く出来ました！美味しいです(*´ч`*),プリン
豆乳消費に倍量で作りました。カラメルなしですが美味しかったです♪フライパンで作れるので作りやすいです。 豆乳消費に作りました。型から外すのに少し失敗(._.) 味は、とても濃厚で美味しかったです！ 大豆製品が苦手なので豆乳プリンなら食べられるかと思ってトライしました。つるんと滑らかでとても美味しくできました。また作ります！ ぷるんと舌ざわり食感最高！簡単に作れて美味しいプリンは、こちらのレシピに決定！リピ決定！です 私の好きな固さのプリンで大満足♪,プリン
ボウル皿に作って取り分け式で☆ 勝手ながら、こちらの素晴らしいレシピをアレンジしてプリンとクリームチーズでベイクドチーズタルトを作ってみました 素晴らしいレシピをありがとうございました。彼氏も喜んでました,プリン
ケーキ屋さんにプリンを買いに行ったらお休みで急遽レシピ検索し辿り着きました。2歳の誕生日にフルーツ飾ります♪ 美味しかったです！ 小さめの器で５個も出来てお得気分ふるふる可愛いプリンでした,プリン
カボチャ丸ごとは初めて作ったので美味しく出来て嬉しかったです♪ 美味しくいただきました(^-^)うまぁ～ 憧れのかぼちゃプリンです！案外簡単にできるのですね！,プリン
初めて作ってみましたが上手く出来ました少し、甘さが控えめだったので、砂糖を足したり、生クリームをかけると美味しいと思います 卵を美味しく消費できました。お茶の時間楽しめました。 2度目です！このレシピが一番簡単で美味しいと思いました！,プリン
また作りました(^^)倍の量で すごいおいしかったです＾＾　クコの実は　自家製梅酒でつけました 簡単で美味しかったです。 トロトロ杏仁豆腐すごく美味しかったです！ブルーベリーと一緒に… この味、超好み！！自分で大好きな杏仁豆腐作れるなんて感激,杏仁豆腐
イタリアンプリンのレシピを参考に！湯煎焼きせずそのまま焼いたり冷蔵庫で冷やしても作れました！おいしかったのでリピします 主人作プリン薄いし見た目も…でも最高に美味しかった感謝 つぼるんハッシュタグ用。,プリン
濃厚で美味しかったです！ 丁寧に手間をかけるだけ、とても美味しくできました。手元にあるような材料ばかりでありがたかったです☆☆☆ありがとうございました。 んまい！意外と簡単に濃厚かぼちゃの贅沢プリン！,プリン
ちょっと膨らまなかった…>_<…でも美味しかったです！ 子どももパクパクおいしかったですわかりやすいレシピ感謝です 初ｼｭｰです↑何種類か試した中で1番簡単♪で超美味しかったです☆ 簡単にできました！ハードシューのような感じで美味しかったです☆ ほんとに簡単で大満足です！もうｼｭｰｸﾘｰﾑ恐くない！！,シュークリーム
"美味しいレシピありがとうございます(^ ^) フルーツ無しで、cutして皿に入れただけですが…子供パクパク★ フルーツ缶と一緒に食べました！！
美味しかったです いちごのせました！美味しかった",杏仁豆腐
簡単で美味しい！分量も覚えやすくてすぐにリピしました！ いちごをトッピング♪柔らかめな杏仁豆腐に仕上がりました！アーモンドエッセンスでも本格的な仕上がりに大満足です^_^ アーモンドエッセンスでお手軽美味しかったです(*^^*) 激ウマ！リピします！簡単だし、助かりました！ 消費期限間近の牛乳救済に助かりました！みかん入りで美味でした 癖が強くなくてとても美味しかったです！また作りたいです！ 牛乳大量に消費に成功！味もおいしく旦那3杯おかわりしてました！,杏仁豆腐
クリーミーで美味しいです(*^^*) カラメルが更に美味しくしてくれてる！うまく出来ました。 焼き時間が長かったのかな？ぼこぼこしちゃいましたが、気になっていたイタリアンプリンが作れて大満足です 簡単で美味しかったです！ 材料がシンプルで作りやすいです。なめらかでとても美味しくできました。 濃厚でなめらかな口当たりでとても美味しかったです。 めっちゃ美味しかったです！両親にも大好評でした素敵レシピに感謝,プリン
いつも上手に出来上がるので大満足です。 一口大のプチシュー。上手く出来ました！ お菓子作り初心者の私でもホントに失敗しませんでした！嬉しいです♪ 再び、作りました。皮がまたまた綺麗に焼けました。 大きめで作りました＾∀＾とっても簡単でよく膨らんでうれしいです♪ とっても美味しいです。初めて成功しました。 失敗無く上手にできました！感激★,シュークリーム
"深夜に作り始めました！朝になったら食べまーす！楽しみ！
 綺麗に写せなくて失礼！とても美味しかったです♪ごちそう様 強火で蒸したからかすが入ってしまいました…が、美味しかったです！",プリン
私は硬め派なのですが。夫はなめらか派で要望に応じて作りました♪夫好みの(*´`*)なめらか感謝美味しかったです♪ 牛乳多めで作りました。滑らかで美味しかったです。また作ります！ スが入ってしまいましたがとっても滑らかでした！オーブン160度30分 オーブンの「蒸しプリン」ボタンでおまかせしたのでとっても簡単にでき、美味しかったです。,プリン
苺シロップで！おいしかったです(^^) カフェっぽくトッピングしてみました。簡単で美味しい一品ですね♪ とっても美味しい*´`*ふるん②クリーミー優しい甘みお洒落にミントなくピスタチオトピですが^^;簡単ヘルシー大好評感謝です,プリン
子どもたちと楽しく飾り付けできました(^^) 子供と一緒に作れて楽しいクリスマスになりました☆ 子供と一緒に作りました(≧∇≦) 旦那が飾り付け担当でした(^^)おかげさまで可愛く出来ました！,シュークリーム
ほうじ茶の香ばしさと、黒豆の甘さがマッチ。お砂糖の代わりに、黒豆の煮汁100cc使用。豆乳400ccに調整。和のスイーツ アーモンドミルクで。きな粉のせておいしく頂きました(゜∇^d) ほうじ茶の香ばしさですっごく美味しい娘絶賛！簡単だしリピ確定です。,プリン
"うまく焼けました！ありがとうございました(^^) 初めて膨らみました！
形はいまいちだけど、嬉しい♪感謝です 初めてでも膨らんで嬉しい〓クリームはチーズカスタードにしましたw 初シュー＊クリーム沢山で頂きました(^^)ご馳走様でした♪",シュークリーム
いちごのシュークリームでダブルイチゴ♪たまらなく美味しい。ステキなレシピに感謝^_^ 小粒いちごいっぱい入れて食べました♪すっごく美味しい！ チョコも入れて美味しかったです！ 簡単でおいしかったーーー！立派なスイーツに いちごいれると凄い幸せな味わいですね♪気に入りました♪,シュークリーム
バナナ救済で作りました。簡単で美味しかったです。 ヨーグルトとフルーツの酸味が美味しいですバナナとマンゴー合いますね お気に入りでまた作りました♪残り５つ！笑 残り2 つに。美味しくて幸せ～,プリン
抹茶の濃厚さといちごの甘酸っぱいミルキーなのが良く合い見た目もオシャレで美味しかったです 生クリーム不使用なのに、ミルキーで甘酸っぱい苺プリンと、濃厚抹茶プリンのコラボがおいしいプリンでした♪♪ とっても簡単に苺と抹茶のフルフルのプリン  ひな祭りスイーツとして作らせてもらいました。素敵なレシピに感謝です！,プリン
シンプルでなめらかで本当に美味しくて、家族にも大好評！わが家の定番おやつになりました 有難う～。食べかけですみません。カラメルも黒糖で作り、黒い小鍋に火にかけてから、アッと気付いて笑いながら第六感で作りましたｗ 美味しすぎでした～わが家の定番レシピに決定です！ありがとうございました♪,プリン
倍量で作れば良かったとっても美味しいです 朝作っておやつには食べられるのがいい！！ ココア増しにしたからか、溶け残りがで(笑)食べるの楽しみです☆ 飾り付けもしてみました。甘過ぎず美味しかったです^_^,プリン
子供と作りました！簡単でしたが固まらず…。味はとっても美味しかったです^ ^ 何かとろとろな出来になったけど、味は杏仁豆腐リベンジします！！ 不思議！ちゃんと固まるし、杏仁豆腐の味！簡単だし美味し～(^^♪ マシュマロと牛乳､アーモンドエッセンスで杏仁豆腐が出来るとは！！ 量が多かったので鍋で作りました。クコの実買いに行って来ます^ ^,杏仁豆腐
倍量で冷蔵庫にストックします♪直ぐ食べちゃいました；さっぱり美味 さっぱりで美味しい！豆乳仕込みにしました！この限界ゆるふる感大好 おいしかったけど、火にかけてると分離してきてまだらに・・・。 初杏仁豆腐美味しすぎて全部食べられちゃった(^^;リピします～,杏仁豆腐
大好きなシュークリームが家でも作れちゃいました美味しかったです 2度目です!焼きあがり、まだクリームを入れていない状態 膨らみましたぁ！しかも美味しい！リピ決定！ ふわふわ綺麗に膨らみますね いい感じにふくらみました！今から、クリーム入れます(*^^*),シュークリーム
初めてつくったんですがしっかりと膨らんで美味しくできました 初めて作りましたが、とても簡単に作れました！ 初めて挑戦しました☆なんとか、出来ました(*^^)vありがとう お土産用に作りました わーい！ふくらみました!! せいこう！！,シュークリーム
"普通のカスタードも♪柿とカスタード合うんですねー美味しかった！ とろとろの中に、柿の食感もあり！おいしかったです☆
 実家でたくさん獲れた柿を使って☆持ち寄り会で喜ばれました♪有難う",シュークリーム
ノーカロリーシュガー、豆乳で大量に食べられるプリンアラモードができました。朝食としても美味しいたんぱく質補給ができそうです。 ちょうどいい甘さで、旦那に大好評だったリピ確定！ 美味しくできました^ ^,プリン
４歳の息子の誕生日に(*^_^*)！！簡単で美味しく出来ましたリピート確定です！！ 素敵なレシピありがとうございます上手く出来ました！ 2歳の誕生日ケーキにしました☆美味しかったです！スポンジ部分が少し固めでした、粉混ぜる時に混ぜ過ぎたのか、、また作ります♪ 牛乳を豆乳とアーモンドミルクに替えて作りました♪ すごく美味しくて大満足です。 綺麗に焼けました♪味も固さもスポンジとの割合もとてもバランスよく美味しかったです♪,プリン
美味しくできました！ 別レシピで失敗した為こちらを試しましたが膨らみませんでした。 初めてだったけど上手く焼けました。 何年か前に失敗して以来作っていませんでしたが、久しぶりに挑戦！簡単に素早く、綺麗に焼けました◎ありがとうございました♪ シュークリーム初挑戦！とてもわかりやすくちゃんと膨らみました！ありがとうございます,シュークリーム
おいしく、簡単なので、毎回リピしてます。 とろとろ柔らかな杏仁豆富ができました！ 簡単美味しいです 濃厚で美味しかったです(^ ^) 美味しく、簡単なので、何回もリピしてます,杏仁豆腐
そこにカラメルを入れて作りました。プリンだけどお餅のもっち～りと伸びる食感がしっかりとあり、面白いです！ とろとろで不思議な食感きな粉と黒蜜で頂きました もちもちとろとろ新食感で美味しい2日連続で作りました(^^) 黒蜜ではなくカラメルソースで！子供も喜んで食べてくれました♪ もちとろでとても美味しかったです♪,プリン
すっごく美味しかったです！また作ります(^^) とっても美味しい杏仁豆腐が出来ました！また作りたいです 今まで聘珍楼の素で作ってたけどこっちのほうが美味しくて超簡単！,杏仁豆腐
アレンジごめんなさいm(__)mマスカルポーネ救済りぴしました(^_^)簡単なのに本格的プリン★あまり固くないので大好きです 実は3回目。少し柔らかめで甘めなのですが砂糖を減らして。家族に大好評だったのでお世話になってる友達にもプレゼントです 少し巣が入りましたがとっても美味しい～(*´∇｀*) 豆乳で作りました！カラメルタブレットの跡が気になる… 何度もリピしてます。生クリーム無しですが、本格派！毎回、家族に喜ばれます！ 全卵使用で無駄がない！,プリン
クッキーシューでレシピは違うけど、作り方のコツを守って試したら膨らみました。シュー生地膨らむの嬉しいです！ このレシピで作ったら1回で成功しました！ありがとうございます! 料理下手な私がシュークリーム作れたと感激するくらいの出来でした ふくらみました(≧∀≦)！感激です!!ありがとうございました☆！ 初めてシュー皮作りました～膨らんで嬉しい(//∇//) 何度も失敗。このレシピにして、初めて成功！これからは、これで。 やった～♪　昨日生地を失敗して今日また再挑戦しました！うれしいな,シュークリーム
家のオーブンでは180度30分でいい感じでした♪ すごくよくできて大満足です！また作ります！ありがとうございます！ シュークリーム初でしたが、よくできて大満足です！また作ります！ 素敵なレシピ有難うございます！実は何回も作らせて貰ってます,シュークリーム
何度もリピしてます！大好き！ロイヤルミルクティーの粉にしてます。 ミルク→黒ごまにしました！プルプル美味しい～リピ!! とっても簡単に出来ました♪美味しかったです(*^^*) 撮れてなくて急遽食べかけを！全部コーヒー味ふるふる食感～ 簡単でとっても美味しかったです！,プリン
"ほんのりした甘みでとてもおいしいです☆
材料をまぜお鍋でコトコト…
食べたいときにすぐ作れます(^^)
果物をそえて頂きました☆ 普通の牛乳で蜂蜜を入れて作りました！！漉したり冷蔵庫で寝かしたり手間をかけた分美味しく仕上がったと思います 初アーモンドミルクで不安でしたが美味しくてビックリ！また作ります 糖質制限にハマっている中、甘いものが食べたくなり作らせていただきましたとってもおいしかったです！ありがとうございました ハンパに残ったアーモンドミルク消費に。美味です！しかも簡単！",プリン
"簡単なのにハロウィン感が増して最高です！笑
子供も大喜びでした！ RemiDemiさん。
作ってみました。
かわいく出来ました 保育園にて簡単で可愛くできましたヘタはビーノで(笑) 子ども達が作りました！簡単に可愛く出来て良かったです(^O^)",シュークリーム
ココナッツミルク大好き～クリーミーでコクがあって美味しかったですご家族で素敵な休暇を過ごして下さいね♪ ココナッツミルクとバニラアイスでコクのある美味しいぷりんありがとうブログもいつも楽しみ～気象病お大事になさってね♪ つくれぽ＆ブログご紹介ありがとうココナッツミルク常備だよ～濃厚で美味☆ストレスに漢方効くとよいですね。お大事になさってね！ ココナッツミルク大好き！アイス入れるなんて素敵アイディア濃厚で旨,プリン
"つるんとした食感。わりとあっさり食べられますね、美味しいです♪ あれから何度リピートしたことか…我が家にとって黄金比です(^^) 自分でこんなに美味しい杏仁豆腐が作れるなんて感激！感謝します。
",杏仁豆腐
"カラメルはタブレット使ってイタリアンプリン初めて食べる～クリームチーズ入れるのねウマイ
この固め食感のプリン好き クリームチーズなのが手軽で嬉しいですね。しっかり固めで美味しかったです。 22センチ型、分量通りに。クリームチーズなので用意しやすくて良かったです。チーズケーキのようなプリン。好評でした！",プリン
口角の上がりが足りなかったんですかね、何か違くなりました汗 よろこんでくれましたありがとうございます なんかおちょぼ口～w可愛いお弁当レシピありがとうございます！,プリン
練乳入りがいいですねトピ、自己流でごめんなさい柔らかさもぷるん②で一緒に頂いた娘も大喜びでしたよ有難う 久し振りに手作りスイーツ作りました無印に立ち寄りチョコを見付けてあっこれだわって思ったの練乳まだあるからまたリピするねー 皆様みたいに可愛くないけど苺パウダーかけで♪とっても美味しく感謝 こんにちはちょっと分かりにくいけど苺パウダーと、カットしたピスタチオ乗せたのよ～今日も美味しく頂きました 練乳を入れるとリッチ感upおもてなしにも良いね自粛で無印に行けなくて苺チョコ無いので苺パウダー使ってみたよアレンジ楽しい またまた可愛いデザートレシピ練乳入りでよりミルキーですね！やっと此方は雪が溶けてきて春らしくなりました,プリン
"1年ぶりに作りました!二人分なので、柿1個で80㍉の牛乳に砂糖大匙1で丁度良かったです。本当に美味しくて柿がある時また食べたい! 科学の実験みたいで☆
息子っちと楽しく作りました
(^-^) 簡単でおいしい!ホイップクリームがなかったのでみかんをトッピング",プリン
"美味しかったです！
また作ります^ ^ 母の日のデザートに。家族みんなで美味しく頂きました。 いちごと杏仁豆腐って合いますね～♪ 大量生産可愛いし美味しいし♪ありがとうございました♪",杏仁豆腐
とても作りやすかったですココア生地にクランチトッピングverと、チキンや野菜ペースト挟んだシューサレverにしてみました！ 初シュー！膨らんだ♪のに冷めたら半数萎んじゃった‥小さかったかな 絞り出す時に、小さく高くするのがポイントなのでしょうか。 絞り方が平面で膨らみ甘いけど、クッキーシューみたいで感動 初めて作ったのに、失敗せずにできました！丸く膨らんで感動です！ 豆乳なくて普通のカスタードですが美味でした家族にも好評でした,シュークリーム
リピです～2倍の分量で大きなシューを作りました！美味美味 小さめに、プチシューをたくさん作りました。おいしかったです! やっと膨らむレシピにたどり着きました～。美味でした。感謝です。,シュークリーム
プッチンプリンみたいで美味しかったです 豆乳で作り、生クリーム＆ヘーゼルナッツでトッピング♪美味しく、簡単かつヘルシー。素敵レシピありがとうございます。 粉ちゃんこんにちはプリン作ったよーテスト中の中3息子と一緒に。とても美味しいかったよ。のどこしつるんと火も使わず嬉しいおやつね 粉ちゃんおは～これ作ったよ砂糖無し練乳ラム酒入り、ほろ苦コーヒーソースのせで追加レシピのせていいかな～よろしく 子供のおやつにプルプルまさにゼリープリンという感じお砂糖→ラカントでもとっても美味しくできて子供も喜んでました プルプルでなめらか～仕上げにカラメルを蒸プリンは鍋から離れられないし此方は失敗知らずですね先日はリコッタプリン大感激でした,プリン
膨らみました～!なんか嬉しいですね^_^これからカスタード入れ 膨らんで美味しくできました^ ^一口サイズ可愛いいし食べやすい～ 笑える程の大失敗(Д)ﾉ笑って下さい☆全然膨らまずガーンです 作りやすくて味も最高！ありがとうございました！,シュークリーム
余った酒粕で苺酒粕ぷりんとショコラ酒粕ぷりん美味しい～♪ゆゆゆさんつくれぽありがとう ヨーグルトで爽やかに。酒粕味しっかりで美味しかったです。 ヨーグルト×豆乳プリン。自家製レモンのはちみつ漬けで甘さを加えました。レアチーズみたいでおいしかったです♪ 酒粕とヨーグルトで抹茶プリンを作りました。ヘルシーなのに、あんこと生クリーム添えてしまいました。とても美味しかったです。 暖かくなってきたので、酒粕でひんやりぷりん美味しい酒粕が余っていたらぜひ☆ 酒粕甘酒で作るぷりん、とっても美味しいです。,プリン
"少し緩かったので、次回は
生地の調節の参考にします☆ きれいに膨らみました♪♪ 絶対に膨らむ！ありがとうございました♪♪ 初めて膨らみました！素敵なレシピありがとうございます！",シュークリーム
美味しいし簡単だったので本当に作ってよかったです！(*>ω<*) 三度目の挑戦でなんとかうまく出来ました!!クリチとヨーグルトで☆ 初めて作りました！上手く完成できて良かったです。また作りますね♪ なぜでしょう…膨らみませんでした。でも息子には好評でした(^^) 初シュークリーム(*^^*)膨らんでよかった♪美味しかったです！ 簡単においしくできました,シュークリーム
硬めでコクがある正に私の求めていたプリンですレシピありがとうございます カッテージチーズで作ってみました！家族にも好評♪また作ります! 倍の量で作ってみました。溢れそうだったのでミニも一個できました。焼き時間は変わらずでした。ねっとりとした感じがとても良いです,プリン
初めて綺麗に膨らんで超感動ですっ!!絶対リピしますありがとう 簡単！失敗なし！実はもう何回も作っています！ありがとうございます 自分誕生日に皮初成功∩^ω^∩嬉しいです♪ 卵を入れるタイミングがわからず最後に入れたらできました(笑,シュークリーム
見た目はイマイチになりましたが膨らみました。小麦粉を火にかけすぎたかな？リベンジします！ すごい！おうちでシュークリームできるなんて！カスタードと生クリームのダブルです。 憧れてたスワンシューも簡単に作れました♪リピ決定。 上手に作れました。前に1度本を見て失敗してこれなら自信が戻って来ました。 簡単に出来るのに上手く膨らんで嬉しかったです！とっても美味しかったです とっても綺麗にできました。説明わかりやすいです。ありがとう,シュークリーム
"6歳の息子と一緒に簡単作れました！ありがとうございます 食べたいと思ったときにすぐ作れてすぐ食べれる。簡単で失敗知らず！ソースを工夫したらもっと楽しめるかも。 とても簡単！どこか懐かしい味(´ω`)おうち時間に簡単スイーツが作れるのは良いですね！ お弁当用タッパーに少し取り分けて。デザートにいつも悩むので、簡単レシピに感謝です。 作ってみました！！とっても美味しいです。でも、何回作っても皆様みたいに綺麗にならず子供がプリン苦手なので父が独占で食べました！ ぷるぷるデザートが簡単にできるんですね♪
楽しく作りました♪ プリンより簡単に美味しいプリン風ケーキができ驚きです♪おいし～☆",プリン
こちらのレシピを参考にさせてもらいました。生クリームを使ってるから濃厚で美味しいです。 濃厚で美味しかったです。 濃厚トロトロでとても美味しかったです。また食べたい。 ココナッツの脂肪が上に固まりましたがとっても美味しかったです～,杏仁豆腐
生クリーム切れで牛乳+クリープにて。春らしいさっぱり味で美味です 生クリーム切れで牛乳+クリープで。春らしいさっぱり味になりました 日曜のちょっと贅沢なデザートに。グラニテもとても美味しかったです,プリン
レンジで簡単にできてありがたいです。食の細い息子もパクパク食べてくれました！ 初手作りプリン☆美味しそうに食べていました。 初めてのプリン美味しそうに食べてくれましたまた作ります♪ 食べかけすみません！子供が喜んで食べてくれました♪ カラメルを入れてみたけど下手でした(恥ずかしい)次回頑張ります。,プリン
"確かに～！
杏仁豆腐にコーヒー合いますね♪(´ω`*
ゴチです うんうん意外な組み合わせ(＾田＾)vでも合うんやぁ～発見だぁ～ 杏仁豆腐崩れちゃった(T_T)切り崩しバージョン♪おいしかった♪ うわぉぅ～～あうよっ美味しいです♪新発見～ありがとうです♪ お手製杏仁豆腐に♪ほろニガが美味しい～ステキなデザート うっすらハートみえるかなｗ　コーヒー合うねおいしかったよ～♪ ああっうす～いミッフィーちゃん(･ω･;A)ゞおいしかったです",杏仁豆腐
バニラアイス作ってインしました！リピします。 絞り袋使わないでスプーンでも、シュー皮が「らしく」できました♪ 簡単に美味しく作ることができました。また作ろうと思います ^^ 簡単に出来て、ふくらみもバッチリでした。ありがとうございます 上手く焼けました。2回目作りました。 初めてクリスマスにシュークリーム作り子供たちが大喜びで感謝です☆,シュークリーム
"シュークリームを初めて作りました。
美味しかったです。 バレンタインに！膨らんで感動！カスタードも美味しかったです！ 娘の誕生日に作りました♪簡単･美味しぃ(*´ω｀*) 初レポです！トースターでシュークリームが出来るなんて感激です！ バレンタインに作りました＾＾
あげるの楽しみ☆",シュークリーム
ミルクの優しさにホッとします( *´艸)　甘さも丁度よくて、またリピしたいです 優しいお味で美味しい～～ 子供達が大好きでもう何度もリピさせて頂いています＾＾甘さ控えめなので苺ソースをのせたり砂糖を少し足したりして毎回楽しんでいます！,プリン
子どもが楽しく作れました☆有り難うございました☆ 23年結婚記念日☆素敵なアイデアありがとう！楽しく美味しく最高！ 子供たちと楽しく作れました。ロールケーキも重ねておいしかったです 4才お誕生日に*\(^o^)/*簡単にできて良かったです♪,シュークリーム
豆乳で美味しいデザートが出来ました！上に黒みつをのせました。ご馳走さまです。 きな粉好きには嬉しいレシピ♪美味しかったです(*^^*) ココアと牛乳で作ってみました。子供に好評です。美味しい。 とろとろふわふわで美味しかったです♪リピ決定です。 なめらかで優しい甘さ。超簡単、美味しかったです。,プリン
"アレンジで砂糖をかけたら少し焦げてしまいました
 分量も手順もしっかりやったので、美味しく上手に焼けました～☆！ うまくいきました！
食べ放題です^^",シュークリーム
"リピです。毎回友達に大好評です。 寒天を半分にしてやわとろにしましたごちそうさまでした 杏仁豆腐ですが、生クリームトッピングで凄く美味しかったです。 やさしい味がしますね。なくなったらすぐ作っています！ 野球部員の差し入れに作りました。簡単で激ウマでした！
",杏仁豆腐
おいしかったです カリッと香ばしい皮！ダブルクリームで美味しく仕上げました(^^) 膨らみましたヽ(´▽`)ﾉ 簡単、美味しかった！,シュークリーム
"初めて作りましたがすごくおいしくできました!また作ります サクカリッのシューになりました★いちごで飾って豪華に頂きます～♪ 私としては上出来!!!
また作りますね!!!",シュークリーム
実は何度も作ってます。簡単できれいにできて感激 クリームをチョコにしてみました(^^)vとても美味しかったです♪ 初めてつくりました！膨らむかドキドキワクワクしました！ 同じ写真でごめんネ。レンジで手軽に出来た♪ふっくら膨らんだよ～,シュークリーム
パナップでも美味しかったですnews搭載おめでとうございます☆ LINEのクックパッドニュースで見て、早速試してみます 爽でも杏仁豆腐味になりましたーハマるー(笑)美味しいですー!!,杏仁豆腐
違う果物で作ってみました！！！！プリンが濃厚で美味しかったです リピ2回目です♪苺がなく桃缶で作りましたが美味しかったです! いちごのデザートが食べたくて(^-^)なめらかで美味しかったです いちごソースも簡単に美味しく出来ました☆次はミント飾りたいです☆,プリン
レモンプリンにかけるレモンソースを作りました。娘、大喜び 冷蔵庫の残り物でこんなステキなデザートができるなんて 争奪戦になるくらい皆なのお気に入り♪男子高の寮ご飯にありがとー♪,杏仁豆腐
ソフト蒸し40分ちょっとで上手に蒸しあがりました。クリームチーズひとパックを買うだけで出来たので、とても作りやすかったです 小二の娘と一緒にパパが作りました。、簡単で激うまでした。今度は実家への手土産にします。 うちもヘルシオなのでトライしました。美味しかったです。,プリン
ふわとろでした(^_^) 手作りマンゴーソースをかけて…とっても美味しかったです とろとろで濃厚♪とても美味しく出来ました＊ ぷるっぷるの杏仁豆腐に家族全員大喜び☆,杏仁豆腐
"ずいぶん前に作ったのですがれぽ送り忘れてました(*^^*) 美味しくできました！
好みに合わせた甘さで作れるのが良いですね。 生クリームなし、低脂肪牛乳で美味しく出来て嬉しいです。有難う! アガー素晴らしい ふるふる！レシピありがとうございます 濃厚な杏仁豆腐ができました。ありがとうございます。 トロトロで美味しかったです～♪ アガーを初めてつかいましたが、上手く固まり美味しいできました。",杏仁豆腐
中華パーティーの〆に☆とても美味で、皆にも好評でした♪ 苺ソースで♪ぎりぎり固まった位のとろ～り加減が美味しすぎでした！ 一目惚れレシピです☆パパさん絶賛＆娘美味しいダンスしてました~,杏仁豆腐
めっちゃ簡単で美味しくできました生クリームたっぷりいい感じ うまく行きました！！ シュー生地を参考にさせていただきました。さくさく感がいいですね。,シュークリーム
探し求めていた味と固さでした グラマシーニューヨークのカップで作りました！プリンがだいすきな母も美味しいと喜んでくれました 子どもの頃以来会えていなかったプリンに会えました(;o;)リピ確です(*´-`) 美味しかったです♪ありがとうございます! 一番作りたかった固さと味でした。カラメルの作り方もわかりやすく味も最高リピしますごちそうさまでした,プリン
今宵のデザートに。今晩は。ワッフルで｡庭で出来た苺とミントを添えて。寒くなりました。私の誕生月の大好きな季節です(^^) おはようございます！孫が来て一緒にクックしましたフルーツ生クリーム豪華なデザート嬉スナップレポ感謝です(^^) こんにちは。昼食も済み。お天気良いのでお庭で豪華シュークリーム頂きます。ご馳走様です(^^) こちらはテンション上がりますね可愛いしめっちゃ美味しいありがとう お三時に。こんにちは。ハーシーズのチョコのシュークリームに。可愛く出来ました。夕食に厚揚げレシピお世話になります(^^),シュークリーム
余りの美味しさに感動してリピしてしまいました（∀)感謝 私もデコってみました風味豊かで美味しかったです  パパのリクエストで作りました☆苺と生クリームを飾ってみました♪,杏仁豆腐
我が家は硬めの柿が好きなので、熟れ過ぎた柿の消費に役立ちました。固まるまで時間かかりましたが、滑らかプリン風に仕上がりました 混ぜて冷やして固めるだけ、ミラクルレシピ( *´艸`)感謝合掌(**).｡.:* とても簡単に出来て、とても美味しく出来ました。 とっても簡単にできました！柿の味がしっかりして美味しかったです～♪砂糖を少なめにしてみました！ 苦手な柿をもらったのでプリンに。表面は固まったけど、一晩置いても下の方はあまり固まりませんでしたT_T 甘さおさえめのプチプチ食感で大人の味わいになりました 柿の味がさらに濃厚になり、おいしかったです！すが入っちゃったので見た目はあまりですが(^^;,プリン
"牛乳がたくさんあったので作りました！更にアレンジして、上から苺ミルクをかけて食べたら、可愛くて更に美味しくなりました！！ 冷凍庫に入れてシャリシャリ食感で頂きました。美味しかったです★ 少し泡だってしまいましたが、味は◎！！
フルーツ缶詰入り♪ 美味しかったのでリピ決定です！ 牛乳があまってる時いつもリピして作ってます(^^)美味しいです 美味しかったです！リピしますね",杏仁豆腐
子供と作りました！これから冷やして食べるのが楽しみです！ 簡単に美味しくできました！みかんたっぷりで贅沢気分に♪ とっても簡単にできました。ふわとろで美味しかったです(*^^*),プリン
本格的でとても美味しかったです！家で作れるなんて感激☆ 写真撮るのも忘れて食べきってしまいました;蜜無杏仁初美味でした！ クコの実を乗せるだけで見た目が杏仁豆腐って感じですね! この味!!美味しくて感動です☆また作ります。 少し固くなってしまいましたが、味はバツグンでした♪リピします☆ 本格的な杏仁豆腐が食べれて幸せ☆素敵なレシピありがとう～♪,杏仁豆腐
昨日お世話になりましたプリン活用してパングラタン中までしっかり染みて美味し～い珈琲パラリがまた素敵です 3連プリンでこんな楽しいおやつが作れるなんて♪ 甘いプリンと香ばしいコーヒーの香りが至福です☆ キンプリさんまたわたし(笑)食べたいレシピありすぎてフル稼働プリンがまた香ばしい香り至福のパングラタン旨 ちょうどプリンがありお世話に少し固くなったパンが美味しく大変身！散らしたコーヒーも良いアクセントでしたいつも沢山のれぽ有難う キンプリさんもう何度も訪問笑っちゃって激安が高級おデザにパラパラ珈琲だから痩せない(￣◇￣;)一人で完食美味感謝,プリン
ふるふるのプリンになりました！ラカントを使ってカロリーダウン(^^)美味しかったです おやつに水切りヨーグルトといちじくジャムをのせて。濃厚でとっても美味しかったです♪ とても美味しかったです！材料も少なく簡単に作れたのでリピします(*^^*) 簡単かつおいしい！　試しに作ってみましたが、またリピしようと思います^_^,プリン
このレシピで必ず膨らむようになりました！今日も手土産にします！ プレゼント用に綺麗に膨らみました～リピってます！ ボウル１つで凄く簡単なのにこの膨らみ！このレシピ以外もう無理かも バレンタイン用にチョコつけてみました。美味しいかったです。 超簡単で失敗なく作れました！しかも美味しい☆,シュークリーム
美味しくできました。簡単なのでまた作ります。 シンプルな材料だけで出来て美味しい！レシピありがとうございます とっても美味しかったです！動画も分かりやすかったです^ ^ レシピはそのまま、鍋で10分蒸しました。子供が喜んで食べてくれて嬉しかった！ 口当たりの良いプリンでした！よくばって大きくしました('v'),プリン
こんなに滑らかでスの入ってないプリン初めて出来ました！これからはずっとこちらのレシピ使わせていただきます！ありがとうございます 久しぶりに作りました。基本のレシピありがとうございます(笑) 孫に食べさせたいので久しぶりに作りました。 カップが大きかったため、10分多く蒸しました。美味しかったです。 カップが大きかったためプラス10分で蒸しました。美味しかったです,プリン
2歳の息子と初めて作って、高さがうまく出なかったけど、生地を絞り出す時に、底面積を減らせばよかったのかなぁ…またリベンジします！ 写真はクリームを入れる前ですが…しっかりと膨らみました(^-^) 簡単にできました。美味しかった！リピ決定です！ 初めてでしたが、おいしくできました♪ありがとうございました！,シュークリーム
タピオカココナッツをかけて。ほわほわで美味しかったです！ 2回目投稿！杏仁豆腐が美味しい季節ですね。 クリームせてです(*´∀｀)甘さが多すぎたかな(^^) もちぷるで美味しかったです。 やっぱり杏仁霜使うと違いますね！とっても美味しかったです。,杏仁豆腐
在庫の関係で、牛乳500、全卵4個で。ちょっと濃厚さにかけたー。今度はレシピどおり作ります。ちなみに翌々日が一番おいしかった！ プルプルなめらか美味しくいただきました 全く同じガラス容器があったのでこのまま作りました。きび糖で作ったので少しカラメルの様子は違いますが、優しい美味しさ、最高でした！,プリン
家族にとても好評でした簡単で美味しい！またすぐ作ります♪ 初杏仁豆腐やっと見つけた杏仁霜｡大好きな杏仁豆腐~楽しみ 朝食べたくて夜中に作りました★うーまい！ユルさがちょうどいい★ 本当に濃厚でした！美味しかったです♪ 素敵レシピ発見( ☆∀☆)パンダ杏仁みたいな、理想的な味でした☆ めちゃ美味しいです(*) ,杏仁豆腐
子供でも簡単に作れました。 子供でも簡単にできました。 湯煎で作りました。簡単にできて美味しいです めっちゃ簡単でした！ぷるぷる フライパンで！ぷるぷるで美味しいです！めっちゃ卵！ 子供が急に作ってと言ったのでグラタン皿ですが、美味しかったです。,プリン
砂糖の代わりにラカント、牛乳の代わりに豆乳で、少しヘルシーに作りました！かぼちゃそのものの味がしっかりして美味しかったです とても簡単に超なめらかプリンが作れました！水分の多いかぼちゃだったので固まるのに時間がかかったので多めに火を通しました！美味 優しい甘さココットで食事後のプチデザートにぴったりでした ,プリン
"美味しかったです 特大（笑）トゥルントゥルンでめっちゃうま！！リベンジ成功☆ とても美味しい出来ました。
レシピありがとうございます。 牛乳足りず生クリの味が強くなった…。リベンジ！美味しかったよー！",杏仁豆腐
マーガリンで作りました(^○^)うまくできました クッキー生地をのせて焼いてみました☆美味しかったです(*^^*) 初めて作りました綺麗に膨らんだけど、まだまだ泣また挑戦します！ ３回目！失敗無しです☆ありがとー(*^^*)今回はプチシューです,シュークリーム
生クリーム切れで牛乳+クリープにて。春らしいさっぱり味で美味です 生クリーム切れで牛乳+クリープで。春らしいさっぱり味になりました 日曜のちょっと贅沢なデザートに。グラニテもとても美味しかったです,プリン
冷まさないままカラメルかけたらプリンが割れちゃったwカラメルソースもさらさらのままだったなー。次はもっとうまく作るぞ！味は 優しい甘さでおいしかったです ゼラチンを使わないプリン作りは今まで何回かやった事あったのですが上手く行かず、こちらのレシピで初めて上手くできました！感動です♪ とても簡単にできました！！4歳の娘と作りました！優しい甘さです。少し好みで砂糖を出してもいいと思いました。でもとても美味しい！,プリン
"久しぶりに食べたくなったので！本当に、再現できて、びっくりです！ もちもち感、伝わりますか？別verシロップもよかったです。 もちもち感わかるかな 美味しく頂きました
 ベリーソースかけました とろけておいしかったです 杏仁霜がなかったのでアマレットで代替☆
美味しかったです♪ 簡単なのにとろとろでおいしかったです！次はゼラチン増やします^^",杏仁豆腐
生地の材料も少なく簡単に作れました☆美味しかったです(*^^*) とても綺麗に出来て大満足です！リピします！！ 上手くいきました♪美味しかったです 初挑戦でしたが綺麗に膨らみました！美味しかったです♪ご馳走様♪ リピしました。前回よりしぼまず大成功。 職場のアメリカ人に大人気でした 初挑戦にしては上手にできたかな。次回はもう少し膨らむといいな。,シュークリーム
再挑戦で出来上がったのがこちら！！オーブンの自動機能を使いました。硬めのプリン好きな娘も大満足！！ みての通り、すが入って失敗しました。焼き時間が長かったかな？味とかたさは満足なのでもう一回挑戦してつくれぽに投稿したいです。 カヌレ型は無いのですが、もっちりプリン作ってみたくてオーブン不調で、フライパンで温め→もっちりになりました！カラメルも美味しい,プリン
とても美味しくできました♪ 簡単で美味しかったですレシピありがとうございます(´×`) 冷凍のミックスベリーを乗せました。とてもおいしかったです♪ トロプルで美味しかったです♪糖質制限レシピたくさんありがとです! 売ってる杏仁豆腐よりも美味！他のレシピも勉強になります！,杏仁豆腐
プリンはもうこのレシピでしか作らない！！笑　私史上最高のプリン！ 美味しかったです カラメルはカロリー削減の為無しでしたが家にある材料で作れました,プリン
"毎日プリンです。昨日に引き続き、豆乳バージョンです。トッピングはなしでいただきました。硬めのプリンです。豆乳感を感じませんでした 毎日プリンです。牛乳の代わりに豆乳してみた。トッピングにきな粉と黒蜜でいただきます。 仕事に行く前に作ってみました。作り方や注意点が分かりやすく簡単に出来ました。
仕事から帰って来たら早速頂きますね(｡｡)",プリン
倍量で作りました！プルプル滑らかで、優しいお味でした☆３世代で美味しく頂きました♪ メープルシロップもかけてプルン紅茶プリン美味しいご馳走様でした 生クリームといちごのせ♪とっても美味しかったです！！ 大きい容器で作って切り分けました！ぷるりんとしてて美味しかったです！！,プリン
"簡単！美味しくできましたリピしまーす！ あるメーカーの杏仁豆腐と同じ食感と味です♪　レシピをありがとう♪ とろけるー
本当においしいかったです＾＾
",杏仁豆腐
じつは、3日連続で作って食べてます♪ヾ(@⌒￢⌒@)ノ ウマヒィ このレシピのおかげで杏仁豆腐は自分で作れます～ご馳走様です♪ 濃厚でとろとろ～美味しい杏仁豆腐が作れました。ご馳走さまです♪,杏仁豆腐
美味しく出来ました。 上にアイスをのせたらちょうどいい甘さ♪とっても美味しかったです♪ 美味しくできました,プリン
初めて作ってみました。膨らみましたよカスタードクリームも美味 生地は難しいですね。膨らみが足りなかったのでまたチャレンジします 娘のリクエストで作りましたクリームとろ～りとても美味感謝です,シュークリーム
そのままでも、スッキリするようなソースをかけても美味しいです！ プリンの美味しさもチーズケーキの美味しさも味わえる、ひと粒で二度おいしい絶品ケーキ工程も簡単でまた作りたくなりました♪ プリンもクリチも大好きだから凄く楽しみでした想像以上に美味しいレアチーズケーキが優しい甘さになり極上の味いつも素敵Rp感謝,プリン
"膨らみが足りませんが、バナナシューにしてたべました。美味しい。 初シューです！レシピがとても分かりやすくてちゃんと膨らみました★ 初めてシュークリームがちゃんと膨らみました!!
リピ確定です",シュークリーム
倍量で。牛乳足りない分、生クリームを足しました。美味しかったです。砂糖少し減らしても甘めみたいなので次はもう少し減らして。 アーモンドエッセンスでカンタンありがとう！すぐできて本格的です！ ブラッドオレンジをのせてフルフル美味しくできました！レシピ感謝！ きび糖でやってみました!程よくトロトロで美味しかったです! 食べかけです(笑)おいしかったです！(#^.^#)また作ります！,杏仁豆腐
"桜の季節に作ろうと思ってたのに、ちっとばかり遅くなってしまいました。葉っぱ無くてすみません～明日のおやつに～♪ 長期フォルダ保存。やっと作れて嬉。
美味しくて香りも最高 桜の季節にぴったりの可愛いデザート☆彡美味しく頂きました ひな祭りのデザートに♪花のみで葉は無しで謝　春を感じて美味～嬉 桜花びら開き悪くスミマセンm(__)m梅雨の桜も良いですね♪感謝 ずっと作りたくてやっと葉無ごめんね。御もてなしにぴったり♪美味 HappyBirthday!心ばかりのお祝いれぽ、受け取ってね♪",杏仁豆腐
喉越しつるんとしたプリン食べたいとお借りしました材料少なく簡単に仕上がり感謝ですクラッシュアーモンド散りばめました.*ﾟ 砂糖の代わりにダイエットシュガーを入れました。近所に配ります。 晩御飯のデザートに。アーモンドの香りたっぷりで美味しかったです♪チョコマーブルアイスと苺ジャムを添えたらよく合いました(^^) メープルの甘さがほど良くアーモンドミルクで作るプリンとっても美味しく頂きました,プリン
簡単なのに、とろぷるもっちりでおいしい♪旦那にも褒められました。 アーモンドエッセンス買いに走ったよ♪驚き杏仁豆腐だ！簡単美味 旬の苺＆練乳小さじ１プラスで♪トロトロ美味しい☆(≧∇≦) ゆるやわ杏仁大好き！来客にも好評だったよ＾＾ｖありがとー,杏仁豆腐
"別レシピで失敗して･･･このレシピに変えたら大成功！！感謝です！ とても 綺麗に焼けました(*^o^*) ありがとう また、失敗しちゃいました！
何これ？！もち？みたいな。
 失敗しました（；；）ガーン
でも、作り方はとても
分かりやすかったです\（＞U＜）
また挑戦しますっ！ リピ！やっぱりおいし～シュークリームさいこ～(*^^)v",シュークリーム
牛乳の半量を生クリームにしました。少しカロリーup!ですが 暑くてご飯が食べられない日は、あっさりデザート 缶詰の果物を少しだけトッピング杏仁霜とクコの実を業務用のお店で大量に買ってしまった～。作らないとどうしよう… いつもGWは外食しますが、今晩は家で中華を作ったので、食後のデザートにさっぱり,杏仁豆腐
美味しく出来てとっても簡単ですね。少し食べたい時にピッタリ。 とってもおいしいレシピをありがとうございます☆ あまりうまくできませんでしたが、喜んでもらえました。ありがとです 20年振りのシューです。美味しかったです♪分量も手ごろです ココアカスタードクリーム入り♪ １歳の息子にも食べさせられるぐらい優しい味でした♪,シュークリーム
"簡単プルプル！美味しかったです！ プルプルーなめらかープルプルなめらかー
感動！ 家にある材料なのにスッゴく美味しい！家族にも大好評。リピします！ 甘さ控えめで美味しかったです(^^)子供らが大喜びでまた作ります",プリン
きれいに仕上がりました！一晩寝かせて食べると濃厚で美味しかったです(.   .) スゴい美味しかったです♪ 重くなく食べやすい。ちょっと焼き過ぎたかな,プリン
子供がホイップもプラスしてペロリ。また作ります(*´▽｀*) こんな感じで良いのでしょうか...。心配だけど簡単に出来ました! ちょっと小さくしすぎたかな？ でもちゃんと空洞でした(^o^)v つい食べ過ぎちゃうシュケットもノンオイルなら安心…☆,シュークリーム
5種類のレシピを試してこちらが一番きれいに膨らみました！ 生地、クリーム共にめちゃくちゃおいしかったです（＾＾）！ めっちゃうまいっ(●´∀`丱これマジでうち作ったん!?てくらい♪ 参考にして作らせていただきました！お父さんからも好評でした♪ はじめて作ったけど、しっかり膨らみました☆,シュークリーム
生クリーム50mlでも美味しくできました ひぃちゃまこれとっても美味し～いゼラチン2.5gでトロントロン♪本物より美味しい！！ ゼラチン2.5gで！トロふるコクありで旨～モノホンもこんな感じ？ 昨日から冷やしていました～今日の気候にピッタリ本家より美味しい位(∩ω∩ )私もゼラチン2.5gでトロントロン～♪ ココナッツミルクでも美味しくできました♪,プリン
美味しく出来ました砂糖に三温糖を使ったのでミルクの白さが少し茶色ぽくなってしまいましたが 咲さんのれぽ素敵ですね！朝イチで作りました和のスイーツ大好きですミルク感たっぷり美味しかったです 豆乳&豆ホイップで☆豆乳が原因なのか2層にならず謝☆おやつ楽しみ,プリン
雨で肌寒いので作りました。いつも一人分で作ってます リピです。今回はココナッツとシナモンも入れて。とてもおいしかった ココナッツオイルで代用したけど…私的にはありだと思った。 ミルク葛湯みたいですね。先に水で片栗粉を溶いた方がいいようです。 胃が弱ってるときに作ってみました。優しい味が何とも言えず美味。 レポ1位!ただの牛乳にみえますが…おいしい!バニラエッセンスで,プリン
"ゼラチンで☆フルーツ入ると爽やかUPで食後にぴったりとても美味 最近、毎日食べてますアーモンドエッセンスが良い仕事してる！ 簡単で 美味しかったです(*´∀｀*)
 超簡単！手間いらずで杏仁豆腐が！リピっちゃいます(笑)",杏仁豆腐
残念ながら膨らみませんでした。でも6歳の息子は喜んで食べました！ もちもちシュークリーム生地を作りたくて！姪っ子に大好評でした！ ココア無しミニサイズでムッチムチの食感で手が止まりません 生地は最高！だったけど、ｶｽﾀｰﾄﾞよりﾎｲｯﾌﾟがいいかな？； しつこくてすみませ～ん★旦那ちゃんのリクエストでまた作りました おぉぉ美味い～タピオカスターチで作りましたまたつくりま～す,シュークリーム
160°でも焼き過ぎかなと…チーズ80g、バニラエッセンスも使用 少しすが入ってしまいました。リベンジします！ 焼きたて膨らんですぐに縮むね(笑)牛乳であっさりおいしかったよ♪,プリン
生クリーム入ると濃厚ですね♪ご馳走様でした(*^^*) 美味しい杏仁豆腐作れて良かったです！レシピ感謝☆ かなり美味しく作れて驚きました！！家族から好評です！ タッパーで失礼します；トロトロクリーミィーで本当に美味でした！,杏仁豆腐
つるんとしてて食べやすく美味しい 黒ごまを混ぜてみました。底にたまってしまいましたがアクセントになりました(^^)少しゆるく作りました。美味しかったデス♪ 甘さは抑えたかったので、黒蜜は無しで。プルンプルンにできました。,プリン
幾つか膨らみ不足ありましたが初めて上手に膨らみました♪ シュークリーム、初めての大成功です。とっても美味しいです。 シュー生地がいつもつぶれてしまうのに、初めて成功しました！！ 超簡単なのに超膨らみました♪　すごぉ～～～　 別のレシピで失敗したから不安だったけど、おいしく出来ました♪,シュークリーム
混ぜすぎたのか膨らみがイマイチでしたがとても作りやすかったです！もう一度挑戦したいと思います！ 初めてシュークリーム作りました！簡単に美味しく出来て感動！ ふわふわのシュー皮が出来ました！ありがとうございまーす 簡単で 良く膨らみ、美味しいシュー生地が出来ました^ ^,シュークリーム
"やっぱり何度作っても失敗しない(*´｀*)
このレシピが１番 ハート型のパリブレストにしました！ 水分過多？で生地がダレてしまいましたが美味でした♪リベンジします おいしくつくれました下がちょっと焦げちゃったけど！笑 ぱぱっとできてとても良かったです(*´ `*)また作りたいです！ ちょっと膨らみ足りなかったかも(´･_･`)でも美味しかった！ 他のレシピより香ばしく出来上がり、リピ確定です♪",シュークリーム
初挑戦！１度目は失敗。めげずに２度目はこのレシピで！やったぁ～！ プチシューに息子にお店の味と一緒…と言われました♪ また作っちゃいました。失敗なしで美味しくいただきました。 膨らみました。クリームにブルーベリージャムをいれてみました。 とってもとっても美味しいシュー生地ですねまた作ります,シュークリーム
"食紅蓋開かず涙；
アンジェリカで。主人が滑らかで美味って！ なくなったので即作ったよ。私ってハマると立て続けに作っちゃうんよ これ位の柔らかさ好きだなぁまた作るね♪",杏仁豆腐
"クリームを参考にさせてもらいましたv これは美味しいです…！ 今まで作ったお菓子の中で一番の傑作！ シューの生地は上手に出来ましたー！
クリームちょと固め＾＾； 寒天みたいなクリームになっちゃいましたが;美味しかったです",シュークリーム
お手軽でおいしい！しかも煮汁まで全部使うことが出来て嬉しいです。 黒豆煮汁をリメイク出来、夫も喜んでましたm(_ _)m ホイップクリームを乗せて。3歳孫が1歳孫の分までペロリ。大人も子どももおいしくいただきました。,プリン
バナナ消費にバナナプリン！いいですね～想像以上のとろとろ生クリーム・卵なしでコスパ最強！ まだデコってないけど  今からチョコクリームとオレオで可愛くします。 オレオなく(泣)ポッキー添えて食べました;プリン絶品でした♪ リピトロンとしたまったりプリンが美味しくて(^-^)甘さもしっかりあるしもう一つ食べたくなる美味しさに今日も家族大絶賛有難う 完熟バナナの甘みがとても引き立つぷりんです。 リピーターになりました！ 熟したバナナの甘さもプリンのプル②も美味しい～yesmamaさん塩クリームのせ更に甘さ感じながら少し早い休日おやつタイム満喫感謝,プリン
美味しかったです(^^) うちのレンジでは種&ワタをくり抜いて追加1分しました。美味 崩れましたが、素朴でおいしいです,プリン
お手軽にできるレシピです。 蒸し方が悪かったのか柔らかすぎたかも。でも美味！リベンジします！ 懐かしのパステルを回想しながら頂きました♪,プリン
"お弁当に添えて♪くこの実とパインで！素朴でほっこり素敵レシピ シロップまでついてお店みたい＾＾大感激です☆ありがとうございます あっさり食べやすい♪
大変だったんだね、無理せずゆっくりしてね。 夜中食いかんと思いつつコレなら大丈夫と信じる者は救われる美味３Q ちょっと分離しちゃった。フルーツなくてもちゃんと杏仁豆腐でした♪",杏仁豆腐
"寒天の喉越しと黒ごまの風味がよくあってますね。 ごまたっぷりで美味しかったです！！ ゴマの味と香りがとても良かったです。また作ります。 黒ごまアーモンドきなこで作りました。美味しかったです！ 美味しいです♪
また作ります(^^) 子どものおやつに作りました美味しかったです！ありがとうございます",プリン
うーん!!美味しい☆今日はパパのリクエストで 大好き実はあれから4回作ってます。お気に入りでーす。 コレは絶品!!売り物より美味しいね☆みんな大絶賛でいただいたよ かなりおいしかったです！生クリームを多くしました♪またつくろッ☆,杏仁豆腐
"とても食べやすいです。何度もリピートしてます。 あっさりで美味しかったです(^ ^)
 少し杏仁霜が口に残るので次回は減らします！みんなに大好評でした！",杏仁豆腐
またおじゃまします。だって練り黒ごま減らないから☆うひひ シューもカスターも苦手…でもこれなら食べられます♪見た目もオモロ 黒ゴマカスターも入れてみたよ♪バリッとした黒ゴマシュー皮超好み♪,シュークリーム
息子と作りました。我が家は牛乳ではなく豆乳で、カスタードクリームも豆乳で作りました。　 良い感じに焼けました♪玄米粉でも焼けました～(^^)冷めるのが楽しみ。 初めてシュークリームせいこうしました！とっても美味しかったです！ 感動モノの膨らみ具合でした。カスタードと生クリームで食べます,シュークリーム
小さめで沢山作りました。まん丸に膨らん可愛い！ラングドシャで甘くなって美味しかったです。ありがとうございます。 いつも参考させてもらってます！今日はエクレアに きれいに膨らんで、甘いシュー生地が私好みでした♪ なかなかふくらみませんでしたが、頑張りました！またつくりたいです ラングドシャがのったシュークリーム、友達にとても好評でした！！,シュークリーム
"美味しかったです♪ 膨らみ不足？オーブンの温度のせい？再挑戦します。 卵白残さず!！に感動♪膨らみ不足なのでﾘﾍﾞﾝｼﾞ頑張ります☆ シュークリームって難しいのに綺麗に焼けた～♪あぁ、嬉し！ありがと 初シュークリームで美味しく出来ました!!素敵なレシピに感謝です 美味しかったです。
リピしまぁす。
 余ってた卵白救済！サクサクシューおいしっo(>∀<)o",シュークリーム
ココナッツクリーム大好きなので、簡単においしいスイーツができて感激です砂糖→オリゴ糖、レンジ使用、濾さず手軽にしましたが美味！ 甘すぎずとっても美味しくてお気に入りです。食べるときに、冷凍マンゴーのダイスを乗せて食べています♪ とても美味しくできました。マンゴーのピューレを作って載せました。,プリン
上手く絞れなかったケド紫芋のクリームが美味しかったデス。 紫色が鮮やか♪シャンティとﾀﾞﾌﾞﾙでたっぷりｸﾘｰﾑで!! とても美味しく焼けました☆また作ってみま～す!!,シュークリーム
簡単に出来ました！わかりやすかったです！美味しかったです！ 楽しかった！ すごく簡単で、分かりやすかったです！,シュークリーム
残念！膨らまず…。再挑戦します！ 再チャレンジ！先回より焦げなかったけど空洞がなくなり…(._.) 温度が高すぎたようで…(^^;またすぐチャレンジします！ 卵の入れすぎか平たくなってしまいましたが、美味で大好評でした☆,シュークリーム
爽やかで夏のデザートにピッタリでした♪レモンシロップ素敵！ ﾀﾞｲｴｯﾄ中で寒天にかけるのにﾚﾓﾝｼﾛｯﾌﾟが最高です！ 爽やかな風味と食感良いですね。カレーの後に最高でした。ご馳走様♪,杏仁豆腐
ぎりぎり固まるくらい柔らかくて優しい杏仁豆腐に仕上がりました！スプーンの上でフルフル踊りますよ～濃厚で美味しいです^_^ とろとろでも底5mmくらい少し粉が…何分くらい火にかけますか？ 初めて作ったのに美味しくできて感動。レシピありがとうございました とろ～り食感がたまらなく美味しかったです(≧∀≦☆) 上手く固まりました微妙に余った杏仁霜を消費出来て嬉しい,杏仁豆腐
"もっちり濃厚！もう少し甘い方がいいかな～。また作りますね^ ^ 美味しかったです。
砂糖大匙４だとうまくいきます。 杏仁霜がなかったので、アーモンドエッセンスを使用。プルプル美味♪ なめらか～(*^^*)“素”で作るより美味しい☆また作ります♪ 杏仁霜をいれすぎ？粉っぽくなってしまったけど美味しかったぁ！！",杏仁豆腐
"ジョングレさんのカスタードとコラボで☆
簡単に出来てイイですね めみたん追い＋yesさん塩クリームでラップが少なかったかな？ 本当シュークリームだ！レンチン後既に固く形イマイチ謝又作りたい",シュークリーム
"こんなに簡単に出来るなんて…また作ります☆ 粉砂糖忘れた…キレイに膨らんでうれしい♪おいしかったです☆ 中学の時に失敗して以来避けてましたが大成功で感動★また作ります！ 実はこれで3回目ｗ
とってもおいしかったです!! またまた作っちゃいました☆★美味しすぎてハマります♪♪ とっても美味しくできました＾＾*ありがとうございます♪ 無駄に甘くなくおいしい★余っていたホイップクリームも挟みました♪",シュークリーム
少量の米粉でなめらかになるなんて！とろけて美味しい～ なっなんだこのなめらか～！！とってもおいしい～ とっても滑らか～♪プルンと柔らかい食感が最高☆素敵レシピに感謝！,杏仁豆腐
"旦那さんが固いプリンが好きなので喜んでくれました！ 固めのプリン、カラメルつきで作りました。家族全員絶賛でした♪ 固いぷりん美味しかったです(^-^)
私も固い派なので、リピ決定 懐かしい固いプリン！ごちそうさま。 この硬さを求めていました！ありがとうございました（＾Ｏ＾）",プリン
彼氏にあげたら、一口で幸せそうにたべてくれました☆ありがとう！！ もちもちふんわりとできてカスタードにもばっちり♪お店のみたい← 大成功！大感激☆テンション上がりました(笑)有難うです☆★,シュークリーム
美味しいアレンジありがとうございました！ 抹茶でいただきました＾＾小さい頃食べきれないくらいのシュークリームを買ったなぁと懐かしい気持ちになりました 今日も抹茶…中もちょっと見えるように写真撮りました。色も綺麗だよね。抹茶でカテキンアップ！かな。 リピシュークリーム見るとこのレシピ思い出すよ。今日は息子リクエストでお抹茶と共に。W抹茶です お抹茶ですぐにクリームと馴染んで甘さ◯で美味しかったぁ。家でお抹茶たてて飲むので常備…子どもたちにも広めよ！アレンジ大成功,シュークリーム
ブルーベリーソースで♪さわやかで夏のデザートにぴったりですね！ 綺麗なデザート☆見た目も味も絶品！杏仁霜の香りも良い！ リピです♪お友達へプレゼントする為に作りました♪ お節の後のデザートに♪また作ってと大好評でした♪,杏仁豆腐
"自分のレシピで作りました。やや弱めの中火にすると程よいつるつる感が出てよいです。 見た目もキレイだし食器も滑らかでおいしかったです。リピします！ プルプルの茶碗蒸しが作れました☆ うっまうまぁー
ぷるんぷるんー",プリン
卵を入れすぎて膨らみませんでした(汗)でも、美味しかったです!! 私でもちゃんと膨らんで感激！簡単に出来ておいしかったです♪感謝★ クッキーシューに！美味しかったです ホエーでサクサクですね。プチシューにしました。,シュークリーム
子どもと一緒に作りました。いろんな形だけど、ばっちり膨らみました お陰様でリベンジ成功です。励ましのレス、ありがとうございました♪ 膨らみました！オーブンに入れる時に霧吹きでシュシュしました♪,シュークリーム
1.5倍量でプチ30個！人生初でシュー生地成功しました！感謝！！ ちょっと焼き時間が足りなかったみたい～（；；）フワフワ過ぎました 初めてレンジで生地作り。思ってたより簡単でおいしかったです～♪,シュークリーム
"美味しくできました 簡単に出来ました！コーヒー牛乳みたいで凄く好みの味です。コーヒーのほろ苦さが甘いプリンと相性抜群。とても美味しく頂きました。 カラメル代わりのコーヒシロップが、ほろ苦くて、甘いミルキーなプリンによく合いました。
ありがとうございますm(__)m",プリン
"初めて作りましたー！私も200Wじゃ固まらず、、。追加で400W2分したら良い感じ～！美味しくいただきました！ありがとうです♪ 初めて、豆乳で作りました。牛乳と、あまり変わらないです。美味しかったです。 なめらかにできました！甘さ控えめでおいしかったです！メープルシロップをカラメルがわりにかけたかったけど切れていて残念！ 美味しかったです！ あっさり美味。
すぐに作れていいですね。 本当に簡単で美味しいプリンでした。特権の熱々プリンも頂きました。",プリン
"小麦粉よりカリッとしててこっちの方が好きです。水とサラダ油だとバチバチはねました(＞人＜;)ので、注意ですね。
リピします♪ サクサクに仕上がりました。低糖質なのもいいですね サクっ！軽い生地！絞り出し袋なしでもちゃんと焼けました！生地の配合を参考にしました。自家製小麦粉YH、自然卵使用。",シュークリーム
膨らみが少なかったですが、美味しくできました！ なんとか膨らみました！ 綺麗に膨らんでくれて大成功でした。  ありがとうございます。 参考にさせて貰いました(^ ^)失敗なく出来ました。,シュークリーム
美味しいミルクティー♪汁ぽーいが気になります！ 簡単で美味しい♪ 夜にミルクティーがすごく飲みたくなって作りました。とても満足です コクがあってとっても美味しかったです。家族にも作りたいな☆,シュークリーム
"参考にさせてもらいました。
おいしくできました イチゴ嫌いが居るので質素にみえますが^^;パーティぽい これでテーブルが賑やかに☆ありがとうございました!!☆ 手作りシュー＆クッキーで♪娘と一緒に作ってみました☆ 手作りシューでパパの誕生日に☆可愛いアイデアに一目惚れ♪",シュークリーム
形はぼろぼろですが、美味しかったです アーモンドの風味が香ばしい！お腹も満たされました。 糖質制限中のおやつで砂糖なし蜜なしで作りました。美味しいです！,杏仁豆腐
"知り合いのBDに♪サツマイモと生クリームでアレンジ♪ しっかり膨らんで、美味しく出来ました♪ありがとうございました。
 今までで一番上手くできました。(^^)ﾚｼﾋﾟありがとうﾃﾞｽ( 素敵レシピに感謝!!おいしかった！",シュークリーム
"初めて満足するシュークリームが出来ました！夫も子供達もパクパク プティシューにして、中はしっとり外はパリッと美味しく出来ました こんなに上手にできたのは初めてでした夫にも好評でした(´∀｀) 初めて成功しました♪嬉しいです！ありがとうございました★ 昔失敗したのですがこのレシピでうまく出来ました、ありがとう。 シュークリーム初挑戦で成功しました(><)
美味しかったです♪",シュークリーム
キレイに膨らみましたー♪♪♪美味しかったです 素朴な見た目になっちゃったけど、美味しく出来ました 濃厚カスタードとカリッと生地が絶妙！レシピありがとうございます とても綺麗に膨らんで生地の食感も軽く柔らかくて美味しかっです♪ 綺麗にできました！前回他のレシピで失敗したので凄く嬉しいです! とても美味しくできました！,シュークリーム
エクレアになりました！いびつだけど膨らみました～ 生地がサックサクで美味しかったです(*´∀｀*) 作らせていただきました膨らまず失敗しましたがリピで挑戦します,シュークリーム
参考にさせていただきました！とってもおいしかったです！ 思ったより膨らまなかったけど、その分生クリをどーん！笑笑笑　旨 60個作って15分ほどで完食されました^^Thank you ,シュークリーム
ちょっとレシピをはしょりましたが笑簡単に出来ました(o^^o) シュークリーム初挑戦です。クロカンブッシュにしてみました☆ ぷっくり膨らみおいしくて大好評でした♪,シュークリーム
子供達から買ったのより美味しいと言われました*\(^o^)/* 寒天の杏仁はいつもこのレシピで作るほどお気に入り！ごちそうさま！ 食後のデザートにピッタリですね。旦那も絶賛でおいしかったです。,杏仁豆腐
すごいぷるぷる♪とっても美味しいです～生リーム無しでヘルシー！ このプルプル感たまりません～。ちょうど作った杏ジャムとご馳走様。 型から出せる限界の硬さで、絶妙でした！友人にも大好評でした☆,杏仁豆腐
レシピを参考にさせて頂きました！簡単に美味しくリメイクできたので感謝です ココナッツ味の豆乳で作りました。とってもおいしかったです！ 簡単でした！子供が食べる用にかぼちゃ煮を作ったのですが余ったのでプリンにして翌日食べてもらいます♪♪,プリン
アーモンドミルクや豆乳をラカントで。糖質制限中のおやつに大活躍！ バナナ豆乳で♪甘味抜きでも大満足です！ 冷凍苺を添えて♪みました。ありがとうございました～!!,プリン
"滑らかなカスタードクリームができました！これからシュー皮に入れて食べたいと思います♪ありがとうございました。 簡単に作れました！
美味しかったです！ 息子と作りました。美味しいカスタードが出来て感激です♪ パイ用に作らせていただきました。甘味がちょうど良かったです。",シュークリーム
苦手なシューが初めて満足できる仕上がりになりました！リピします さっくさくでお店みたいな出来栄え！感激！また作ります(^^) エクレアできました！(*^^*) リピ！バナナと苺を入れてエクレアにアレンジしました(^^) 簡単でサクふわ！美味しいです(^^) めっちゃうまくできました！！このレシピ好きです(*^^*)♪ 材料の種類が少なくてわかりやすかったです(*´-`),シュークリーム
はじめて杏仁豆腐作りました。簡単でおいしかったです♪ 牛乳のみで作りました。イチゴの凍らせたものをトッピング。リピ決定 求めていた柔らかさ！レシピも簡単でリピします！美味しかったです！ シンプルな杏仁で美味しかった～今度は寒天を少し減らしてみます♪,杏仁豆腐
リピ琵琶のコンポートゼリーを乗せて。ふるふる♪家族に好評♪ ずっとフォルダで温めていたレシピ。簡単美味しくて感動ありがと♪ ko~koさんの美レポの隣に^^;フルーツたっぷり乗せて♪美味 とろふるん＾＾食後に皆で食べますね☆反応が楽しみ～いつも有難う！,杏仁豆腐
梅雨入り前めちゃめちゃ暑かったので、コレばかり食べていました(笑 メロンがあったのでメロン入りもシロップ凄く美味しい！寒天ふわ② アーモンドエッセンス無く牛乳の半分をアーモンド効果に代えました 甘さ控えめでツルンとのど越し良くてとても美味～☆大好き^^感謝,杏仁豆腐
クッキーシューに！膨らみ失敗したけど味は大人スイーツで好評でした コーヒー味のシューいいですね(´`)ほろ苦でおいしかったです！ めちゃうまです。今年のバレンタインはこれに決めました(^-^),シュークリーム
"生クリーム不要で手軽に作れました。
濃厚で美味しかったです。
レシピ感謝です。 この美味しさふとまた恋しくなってリピ☆チョコ プリンで人気検索２位凄いこの濃厚さら流石チョコ好きさんだわ～笑　レシピ有難う♪ 初めて作りました。お砂糖は少し減らしましたが、とても美味しかったです。また作ります。 砂糖15gで作りましたが、すごく濃厚で美味しかったです。また作ります！ はぁ～思わず溜息が出ちゃう美味しさ前回のプリンと甲乙付け難く濃厚で大満足☆今回ブラックチョコだけど他のチョコでも試したいな",プリン
私もより糖質を下げるためにアーモンドミルクに変更しました。泡立ててしまったので表面に泡が… めちゃくちゃ美味しいです！牛乳の代わりにアーモンドミルク でさらに糖質カットしました^_^これはリピ確です 冷たくておいしいです。メープルシロップをかけて食べました。,プリン
初杏仁★紅茶ジュレも甘すぎず美味母も絶賛暑い日のおやつに こちらも頂き～紅茶ジュレ仕上げなのもお気に入り両方楽しめて嬉 ふるふる紅茶と杏仁一目惚れ…やっぱり美味しパパさん＆娘も絶賛☆ ルクちゃんお誕生日おめでとうこれとっても好み♪美味しかった～ 増量&少し固めで作☆紅茶ジュレと良く合い美味しい～手土産に好評♪ 紅茶ジュレも杏仁も美味！簡単なのに豪華に見える～ 甘すぎずヘルシーな上にとても美味で嬉し♪紅茶と杏仁は合いますネ☆,杏仁豆腐
杏仁豆腐が大好きな旦那さんの為に！凄く美味しくできました(^O^ 来客用で倍量、ドッサリ（笑）。テーブルが華やぎました☆感謝です 今日は暑いのでアイスをＯＮ♪透明寒天と一緒に美味でした～！ もっちりしてて食べ応えありました！シロップとよく合う(*^^*),杏仁豆腐
ザラメでカリカリ。生地は軽くておいしかったです^^ 時間がたつとどうしても湿気てしまうけどザラメでトップはカリ〃♪ ザラメさくさく~☆このためにザラメ買って正解♪また作ります。 初ザラメ！おかげで香ばしくてサク〃♪(*´艸`)39 美味しく面白くできました。 簡単で美味しかったー!ザラメのさくさくがたまらないですね^^,シュークリーム
めちゃ美味しい～＊好評カフェ気分で美味しい紅茶で頂きました！ いちごもプリンも大好きなので作りました♪美味しい～！！ サクサクのフレンチトーストの感じです見た目よりも甘さ控えめでさっぱりといただけます美味しかった～ごちそうさまでした,プリン
"あっという間に美味しく出来上がり
甘さもちょうどいいですね。 2歳の子供のおやつに♪甘さもちょうどいいです！ このレシピ美味しい！蒸し時間を計ってレシピにのせてよいですか？ レンジがないのでフライパンで蒸しました。美味しくできましたよー",プリン
今宵のデザートに。こんにちは。缶詰フルーツも乗せて(^^) 今日のデザートに。こんにちは。もう直ぐ七夕様ですね(^^) おはようございます。今日は久しぶりにお友達と家で食事を(^^),杏仁豆腐
